ステップ数,時間ステップ密度rho,,温度T,圧力P,マッハ数M
0,0,0.51237,0.64133,0.328598252,1.7895
1,0.010064899,0.512295768,0.641824677,0.328804066,1.786137199
2,0.01005916,0.512308888,0.64236146,0.329087485,1.782821934
3,0.010053909,0.512408635,0.642940122,0.32944807,1.779554518
4,0.010047524,0.512594179,0.64356028,0.329885253,1.776335592
5,0.010041746,0.512864622,0.644221598,0.330398467,1.773165038
6,0.010036557,0.513219006,0.644923694,0.330987097,1.77004257
7,0.010030246,0.513656229,0.645666011,0.331650369,1.766968255
8,0.010024446,0.514175172,0.646448057,0.332387541,1.763941482
9,0.010019235,0.514774666,0.647269304,0.33319784,1.760961464
10,0.010012903,0.515453364,0.648129037,0.334080293,1.758027765
11,0.010007105,0.516209956,0.649026629,0.335034008,1.755139313
12,0.010001691,0.517043067,0.649961406,0.336058039,1.752294951
13,0.009995326,0.51795115,0.650932524,0.337151249,1.74949377
14,0.009989563,0.51893273,0.651939249,0.338312614,1.746734306
15,0.009983548,0.519986204,0.652980726,0.339540969,1.744015222
16,0.009977243,0.521109904,0.654056059,0.34083509,1.741335092
17,0.009971534,0.522302218,0.655164416,0.342193827,1.738692161
18,0.009965049,0.523561326,0.656304784,0.343615803,1.736084962
19,0.009958669,0.524885467,0.657476218,0.345099712,1.733511716
20,0.009951484,0.526272716,0.658677637,0.346644069,1.730970821
21,0.009944915,0.527721303,0.659908109,0.348247567,1.728460256
22,0.009936908,0.529229126,0.661166424,0.349908529,1.725978474
23,0.009928477,0.530794184,0.66245147,0.351625387,1.723523633
24,0.009920697,0.532414622,0.663762264,0.353396735,1.721093602
25,0.009913543,0.534088576,0.665097811,0.355221143,1.718686249
26,0.009906992,0.535814176,0.66645711,0.357097167,1.716299445
27,0.009901022,0.537589545,0.667839155,0.359023348,1.71393107
28,0.009895614,0.539412802,0.669242938,0.360998208,1.711579021
29,0.00989075,0.541282064,0.670667445,0.363020259,1.709241214
30,0.009886412,0.543195447,0.672111667,0.365087998,1.706915593
31,0.009882586,0.545151072,0.673574591,0.367199911,1.704600135
32,0.009879255,0.547147062,0.67505521,0.369354474,1.702292848
33,0.009876407,0.549181544,0.676552518,0.371550156,1.699991786
34,0.009874028,0.551252655,0.678065518,0.373785417,1.697695045
35,0.009872105,0.553358541,0.679593217,0.376058711,1.695400768
36,0.009870628,0.555497358,0.681134631,0.378368488,1.693107153
37,0.009869585,0.557667278,0.682688786,0.380713197,1.690812452
38,0.009868965,0.559866485,0.684254716,0.383091283,1.688514974
39,0.009868758,0.562093181,0.685831469,0.385501192,1.686213088
40,0.009868954,0.564345585,0.687418104,0.387941372,1.683905229
41,0.009869543,0.566621937,0.689013694,0.390410274,1.681589892
42,0.009870516,0.568920497,0.690617328,0.392906353,1.679265642
43,0.009871863,0.571239546,0.692228106,0.395428069,1.676931109
44,0.009873576,0.573577393,0.693845148,0.397973891,1.674584992
45,0.009875647,0.575932366,0.695467588,0.400542294,1.67222606
46,0.009878065,0.578302824,0.697094579,0.403131764,1.669853149
47,0.009880824,0.58068715,0.698725289,0.405740797,1.667465168
48,0.009883914,0.583083755,0.700358906,0.408367901,1.665061093
49,0.009887328,0.585491078,0.701994637,0.411011597,1.66263997
50,0.009891058,0.58790759,0.703631706,0.413670421,1.660200914
51,0.009895095,0.590331788,0.705269357,0.416342921,1.657743106
52,0.009899432,0.592762202,0.706906853,0.419027663,1.655265798
53,0.009904062,0.595197391,0.708543476,0.421723229,1.652768304
54,0.009908975,0.597635947,0.710178529,0.424428217,1.650250004
55,0.009914165,0.600076491,0.711811331,0.427141246,1.647710342
56,0.009919625,0.602517677,0.713441225,0.42986095,1.645148824
57,0.009925346,0.604958191,0.715067569,0.432585983,1.642565014
58,0.009931321,0.60739675,0.716689743,0.43531502,1.639958537
59,0.009937542,0.609832102,0.718307145,0.438046756,1.637329073
60,0.009944002,0.612263027,0.719919192,0.440779903,1.634676358
61,0.009950694,0.614688336,0.72152532,0.443513198,1.63200018
62,0.009957608,0.617106874,0.723124982,0.446245397,1.629300379
63,0.009964738,0.619517512,0.724717653,0.448975277,1.626576845
64,0.009972076,0.621919156,0.72630282,0.451701637,1.623829512
65,0.009979614,0.62431074,0.727879992,0.454423297,1.621058363
66,0.009987343,0.626691229,0.729448695,0.457139099,1.618263421
67,0.009995256,0.629059618,0.731008468,0.459847907,1.615444752
68,0.010003344,0.631414928,0.732558871,0.462548607,1.612602462
69,0.010011599,0.633756214,0.734099478,0.465240106,1.609736694
70,0.010020012,0.636082555,0.735629878,0.467921332,1.606847624
71,0.010028574,0.63839306,0.737149678,0.470591238,1.603935465
72,0.010037277,0.640686865,0.738658496,0.473248796,1.601000462
73,0.010046111,0.642963132,0.740155969,0.475893,1.598042887
74,0.010055068,0.645221052,0.741641745,0.478522867,1.595063043
75,0.010064137,0.647459839,0.743115487,0.481137434,1.59206126
76,0.01007331,0.649678735,0.744576872,0.48373576,1.589037891
77,0.010082576,0.651877005,0.74602559,0.486316927,1.585993314
78,0.010091926,0.654053939,0.747461341,0.488880035,1.582927928
79,0.01010135,0.656208854,0.748883842,0.491424208,1.579842155
80,0.010110837,0.658341087,0.750292819,0.49394859,1.576736434
81,0.010120377,0.660449999,0.75168801,0.496452346,1.573611222
82,0.010129959,0.662534976,0.753069166,0.498934662,1.570466993
83,0.010139572,0.664595424,0.754436047,0.501394745,1.567304236
84,0.010149206,0.666630772,0.755788424,0.503831821,1.564123454
85,0.010158848,0.668640471,0.75712608,0.506245139,1.560925163
86,0.010168488,0.670623991,0.758448807,0.508633966,1.557709892
87,0.010178114,0.672580825,0.759756407,0.510997591,1.554478178
88,0.010187714,0.674510487,0.761048692,0.513335324,1.551230571
89,0.010197275,0.676412508,0.762325483,0.515646491,1.547967629
90,0.010206786,0.678286441,0.763586609,0.517930443,1.544689916
91,0.010216233,0.680131858,0.764831909,0.520186548,1.541398006
92,0.010223234,0.681947932,0.766060948,0.52241368,1.538093245
93,0.010212033,0.683731151,0.76727146,0.524607399,1.534782101
94,0.010200971,0.685481372,0.768463441,0.526767374,1.531465141
95,0.010190062,0.687198476,0.769636898,0.528893303,1.528142919
96,0.010179315,0.688882365,0.770791845,0.530984909,1.524815977
97,0.010168744,0.69053296,0.771928308,0.533041939,1.521484842
98,0.010158356,0.692150201,0.773046318,0.535064164,1.518150033
99,0.010148163,0.693734047,0.774145916,0.537051379,1.514812051
100,0.010138116,0.695284464,0.775227142,0.539003388,1.511471408
101,0.010127197,0.696801283,0.776289938,0.540919825,1.508128937
102,0.010116461,0.698284516,0.777334365,0.54280055,1.504785117
103,0.010105918,0.699734188,0.77836049,0.544645445,1.501440411
104,0.010095576,0.70115034,0.779368387,0.54645441,1.498095269
105,0.010085444,0.702533026,0.780358135,0.548227362,1.494750127
106,0.010075528,0.703882311,0.781329815,0.549964236,1.491405407
107,0.010065835,0.705198272,0.782283515,0.551664983,1.488061519
108,0.01005637,0.706480997,0.783219325,0.55332957,1.484718857
109,0.010047139,0.707730584,0.784137341,0.554957978,1.481377806
110,0.010038146,0.708947138,0.785037659,0.556550202,1.478038736
111,0.010028508,0.710130673,0.785920302,0.558106113,1.474702298
112,0.010018712,0.711281274,0.786785344,0.559625681,1.471368975
113,0.010009149,0.712399082,0.787632893,0.56110895,1.468039104
114,0.009999823,0.713484247,0.788463063,0.562555975,1.464713013
115,0.009990738,0.714536923,0.789275969,0.563966822,1.461391016
116,0.009981899,0.715557274,0.790071725,0.56534157,1.458073416
117,0.009973308,0.716545467,0.79085045,0.566680305,1.454760504
118,0.009964967,0.717501674,0.791612262,0.567983123,1.451452561
119,0.009956878,0.718426075,0.792357282,0.569250132,1.448149857
120,0.00994868,0.719318818,0.793085604,0.570481399,1.444852771
121,0.009939772,0.720180012,0.793797283,0.571676937,1.441561872
122,0.009931113,0.72100986,0.794492447,0.572836888,1.438277401
123,0.009922706,0.721808567,0.795171225,0.573961402,1.434999589
124,0.009914553,0.722576343,0.795833746,0.575050638,1.431728656
125,0.009906655,0.723313401,0.79648014,0.576104758,1.428464816
126,0.009899013,0.724019956,0.797110536,0.577123935,1.425208271
127,0.009891627,0.724696227,0.797725065,0.578108345,1.421959216
128,0.009884498,0.725342434,0.798323856,0.579058169,1.418717839
129,0.009877081,0.725958769,0.798907008,0.579973548,1.415484498
130,0.009869134,0.726545415,0.799474609,0.580854611,1.412259621
131,0.009861443,0.727102611,0.800026793,0.581701571,1.409043371
132,0.009854009,0.727630601,0.800563698,0.582514645,1.405835905
133,0.009846831,0.728129626,0.801085459,0.583294056,1.402637374
134,0.009839908,0.728599934,0.801592212,0.584040033,1.399447923
135,0.009833241,0.729041771,0.802084092,0.584752807,1.396267691
136,0.009826829,0.729455388,0.802561236,0.585432618,1.393096812
137,0.009820669,0.729841037,0.803023778,0.586079707,1.389935417
138,0.00981353,0.730198929,0.803471799,0.586694247,1.386784028
139,0.009806569,0.730529328,0.803905437,0.587276498,1.383642789
140,0.009799863,0.730832506,0.804324834,0.587826734,1.380511814
141,0.00979341,0.731108735,0.804730132,0.588345229,1.377391216
142,0.009787209,0.731358293,0.805121476,0.588832268,1.374281108
143,0.009781259,0.731581458,0.805499007,0.589288138,1.371181598
144,0.009775559,0.731778516,0.80586287,0.589713135,1.368092796
145,0.009770106,0.731949753,0.806213212,0.590107561,1.365014811
146,0.009763944,0.732095448,0.806550145,0.59047169,1.361948052
147,0.009757711,0.732215904,0.806873812,0.590805838,1.358892726
148,0.009751728,0.732311433,0.807184369,0.591110342,1.355848941
149,0.009745992,0.732382354,0.807481972,0.591385547,1.352816807
150,0.009740503,0.732428992,0.807766781,0.591631809,1.349796436
151,0.009735257,0.732451681,0.808038958,0.591849493,1.346787948
152,0.009730254,0.732450761,0.808298667,0.592038974,1.343791467
153,0.00972549,0.732426584,0.808546079,0.592200642,1.340807121
154,0.009719911,0.732379514,0.808781338,0.592334883,1.337835369
155,0.009714392,0.732309931,0.809004623,0.592442119,1.334876408
156,0.009709115,0.732218225,0.809216119,0.59252279,1.331930384
157,0.009704079,0.7321048,0.809416015,0.59257735,1.328997457
158,0.009699282,0.731970072,0.80960451,0.592606272,1.326077796
159,0.00969472,0.731814473,0.809781805,0.592610045,1.323171584
160,0.009690391,0.731638449,0.80994811,0.592589179,1.320279019
161,0.00968617,0.731442468,0.810103638,0.592544205,1.317400351
162,0.009681107,0.731227039,0.810248601,0.592475685,1.314536124
163,0.009676282,0.730992671,0.810383234,0.592384205,1.311686578
164,0.00967169,0.730739895,0.810507785,0.592270374,1.308851975
165,0.00966733,0.730469266,0.810622511,0.592134831,1.306032596
166,0.009663199,0.730181363,0.810727678,0.591978241,1.303228745
167,0.009659295,0.729876789,0.810823567,0.591801301,1.300440753
168,0.009655615,0.729556177,0.810910468,0.591604741,1.297668976
169,0.009651387,0.729220218,0.810988681,0.591389343,1.294914019
170,0.009647001,0.728869624,0.811058526,0.591155922,1.292176399
171,0.009642842,0.728505126,0.811120339,0.590905325,1.289456557
172,0.009638908,0.728127493,0.811174476,0.590638438,1.286754967
173,0.009635196,0.727737532,0.811221308,0.590356192,1.284072137
174,0.009631705,0.727336089,0.811261224,0.590059566,1.281408619
175,0.009628431,0.726924053,0.811294636,0.589749585,1.278765002
176,0.009625129,0.726502368,0.811321973,0.589427334,1.276141988
177,0.009621165,0.726072056,0.811343685,0.589093978,1.273540491
178,0.009617421,0.725634153,0.811360253,0.58875071,1.270961231
179,0.009613895,0.725189744,0.811372178,0.588398782,1.26840498
180,0.009610585,0.724739974,0.811379989,0.588039512,1.265872563
181,0.009607487,0.724286044,0.811384243,0.587674284,1.263364863
182,0.009604599,0.723829218,0.811385526,0.587304551,1.260882823
183,0.00960183,0.72337083,0.811384454,0.586931846,1.258427474
184,0.009598287,0.722912326,0.811381677,0.586557815,1.256000135
185,0.009594958,0.722455177,0.811377878,0.586184148,1.253601938
186,0.009591839,0.722000929,0.811373778,0.585812621,1.251234088
187,0.00958893,0.721551208,0.811370133,0.585445099,1.248897868
188,0.009586226,0.721107725,0.81136774,0.585083545,1.246594641
189,0.009583726,0.72067228,0.811367439,0.584730022,1.244325855
190,0.009581225,0.720246774,0.811370112,0.584386706,1.242093094
191,0.009578065,0.719833233,0.811376687,0.584055903,1.239898178
192,0.009575113,0.719433743,0.811388139,0.583740006,1.237742819
193,0.009572365,0.719050501,0.811405495,0.583441528,1.235628828
194,0.00956982,0.718685812,0.811429833,0.583163108,1.233558118
195,0.009567474,0.7183421,0.811462286,0.582907523,1.231532714
196,0.009565324,0.718021913,0.811504046,0.582677687,1.229554753
197,0.009563369,0.717727924,0.811556364,0.582476665,1.227626486
198,0.009560935,0.717462963,0.81162055,0.582307684,1.225750419
199,0.009558374,0.71722998,0.811697975,0.582174122,1.223929098
200,0.009556011,0.717032059,0.811790083,0.582079515,1.222165128
201,0.009553843,0.716872435,0.811898385,0.582027572,1.220461245
202,0.009551867,0.7167545,0.812024462,0.582022187,1.21882032
203,0.009549945,0.716681806,0.812169969,0.58206744,1.217245375
204,0.009547344,0.716658069,0.81233662,0.582167593,1.215739682
205,0.009544938,0.716687161,0.812526216,0.582327107,1.214306488
206,0.009542727,0.716773127,0.812740636,0.582550647,1.212949177
207,0.009540707,0.716920188,0.812981834,0.58284309,1.211671262
208,0.009538875,0.717132742,0.813251846,0.583209526,1.210476385
209,0.00953723,0.717415365,0.813552783,0.583655267,1.209368306
210,0.009535768,0.717772813,0.813886831,0.58418584,1.208350901
211,0.009534487,0.718210015,0.814256251,0.584806994,1.207428148
212,0.009533176,0.718732058,0.814663366,0.585524677,1.206604129
213,0.009531326,0.719344149,0.815110533,0.586344992,1.205883028
214,0.009529662,0.720051674,0.815600195,0.587274286,1.205269
215,0.009528073,0.720860144,0.816134839,0.588319077,1.204766232
216,0.009525813,0.721775104,0.816716938,0.589485953,1.204378924
217,0.009523742,0.722802247,0.817349037,0.590781721,1.204111172
218,0.009521858,0.723947327,0.818033687,0.592213301,1.203966988
219,0.009520158,0.72521612,0.818773434,0.593787693,1.203950253
220,0.00951864,0.726614382,0.819570793,0.595511925,1.20406466
221,0.009517301,0.728147802,0.820428226,0.597393009,1.204313659
222,0.009516139,0.72982194,0.821348114,0.599437873,1.204700383
223,0.00951515,0.731642157,0.822332725,0.601653288,1.205227573
224,0.009514334,0.733613543,0.823384176,0.604045783,1.205897499
225,0.009513687,0.735740825,0.824504396,0.606621545,1.206711865
226,0.009513207,0.738028268,0.825695081,0.609386311,1.207671714
227,0.009511784,0.740479273,0.826957493,0.612344883,1.208777186
228,0.009509868,0.743096599,0.82829259,0.615501407,1.210027547
229,0.009508133,0.745882343,0.829701028,0.618859346,1.211421143
230,0.009506577,0.748837643,0.831183011,0.622421127,1.212955235
231,0.009505198,0.751962537,0.832738244,0.626187963,1.214625884
232,0.009503993,0.755255814,0.834365862,0.630159669,1.21642785
233,0.00950296,0.758714861,0.836064382,0.634334471,1.218354497
234,0.009502096,0.762335516,0.837831636,0.638708813,1.220397708
235,0.0095014,0.766111926,0.839664726,0.64327716,1.222547817
236,0.009500868,0.770036412,0.841559972,0.648031822,1.224793559
237,0.009500499,0.774099356,0.843512877,0.652962775,1.227122047
238,0.009500289,0.778289104,0.845518097,0.658057522,1.229518777
239,0.009500238,0.782591906,0.847569428,0.663300974,1.231967662
240,0.009500341,0.786991885,0.849659803,0.66867537,1.234451109
241,0.009500598,0.791471052,0.851781316,0.674160255,1.236950124
242,0.009501005,0.796009369,0.853925255,0.679732504,1.23944447
243,0.00950156,0.800584862,0.856082164,0.685366421,1.241912852
244,0.009502262,0.805173796,0.858241921,0.691033905,1.244333156
245,0.009503107,0.809750908,0.860393844,0.696704696,1.246682707
246,0.009504093,0.814289691,0.862526817,0.702346695,1.248938579
247,0.009505219,0.818762748,0.864629429,0.707926367,1.251077919
248,0.009506482,0.823142187,0.866690143,0.713409219,1.253078296
249,0.009507879,0.827400057,0.868697469,0.718760335,1.25491806
250,0.009509408,0.831508826,0.870640153,0.723944971,1.256576704
251,0.009511068,0.835441869,0.872507367,0.728929186,1.258035221
252,0.009512857,0.839173968,0.874288902,0.733680486,1.259276437
253,0.009514771,0.842681791,0.87597535,0.738168477,1.260285322
254,0.009516809,0.845944358,0.877558282,0.742365477,1.261049261
255,0.009518969,0.848943448,0.8790304,0.746247098,1.261558281
256,0.009521249,0.85166396,0.880385669,0.749792745,1.261805226
257,0.009523647,0.854094197,0.881619426,0.752986036,1.261785876
258,0.00952616,0.856226077,0.882728451,0.755815118,1.261499003
259,0.009528787,0.858055247,0.883711012,0.75827287,1.260946375
260,0.009531526,0.859581121,0.884566876,0.760356987,1.26013269
261,0.009534375,0.860806823,0.885297284,0.762069942,1.259065463
262,0.009537331,0.861739045,0.885904899,0.763418841,1.257754855
263,0.009540394,0.862387837,0.886393721,0.764415164,1.256213467
264,0.00954356,0.862766326,0.886768988,0.765074422,1.254456081
265,0.009546829,0.862890384,0.887037041,0.765415733,1.252499391
266,0.009550198,0.862778256,0.887205189,0.765461346,1.250361697
267,0.009553666,0.862450165,0.887281557,0.765236125,1.248062598
268,0.009557231,0.861927903,0.887274926,0.764767016,1.245622677
269,0.00956089,0.861234421,0.88719458,0.76408251,1.24306319
270,0.009564642,0.860393438,0.88705015,0.763212128,1.240405771
271,0.009568486,0.859429063,0.886851468,0.762185926,1.237672144
272,0.009572419,0.858365455,0.886608432,0.761034051,1.234883868
273,0.00957644,0.85722651,0.886330881,0.759786329,1.232062097
274,0.009580547,0.856035594,0.886028484,0.758471919,1.229227377
275,0.009584738,0.854815306,0.885710645,0.757119016,1.226399459
276,0.009589011,0.853587294,0.885386422,0.7557546,1.223597152
277,0.009593365,0.852372096,0.885064458,0.754404247,1.220838194
278,0.009597798,0.851189024,0.88475293,0.753091984,1.218139155
279,0.009602308,0.850056078,0.884459507,0.75184018,1.21551536
280,0.009606892,0.848989886,0.884191315,0.750669483,1.212980832
281,0.009611551,0.848005667,0.883954921,0.749598782,1.210548257
282,0.00961628,0.847117218,0.883756315,0.74864519,1.208228961
283,0.00962108,0.846336906,0.883600903,0.747824054,1.206032893
284,0.009625947,0.845675677,0.883493504,0.747148967,1.203968632
285,0.00963088,0.845143068,0.883438349,0.746631797,1.202043385
286,0.009635876,0.844747225,0.883439078,0.746282709,1.200262997
287,0.009640934,0.844494913,0.883498749,0.746110199,1.198631963
288,0.009646052,0.844391537,0.883619835,0.746121111,1.197153439
289,0.009651228,0.844441149,0.883804224,0.746320655,1.195829256
290,0.009656459,0.844646454,0.884053223,0.74671242,1.194659928
291,0.009661743,0.845008812,0.884367556,0.747298378,1.193644666
292,0.009667078,0.845528236,0.884747359,0.748078874,1.192781392
293,0.009672461,0.846203384,0.885192181,0.749052619,1.192066744
294,0.00967789,0.847031551,0.885700979,0.750216674,1.191496098
295,0.009683363,0.848008661,0.886272118,0.751566432,1.191063581
296,0.009688876,0.849129256,0.886903366,0.753095596,1.190762094
297,0.009694427,0.850386497,0.887591902,0.754796168,1.190583347
298,0.009700013,0.851772161,0.888334314,0.756658438,1.190517893
299,0.009705631,0.853276662,0.889126612,0.758670988,1.190555181
300,0.009711278,0.854889073,0.889964244,0.760820707,1.190683618
301,0.00971695,0.856597166,0.890842114,0.763092831,1.190890648
302,0.009722645,0.858387481,0.891754615,0.765470998,1.191162845
303,0.009728358,0.860245399,0.892695663,0.767937337,1.191486022
304,0.009734086,0.862155253,0.893658749,0.770472585,1.191845355
305,0.009739824,0.864100454,0.894636988,0.773056228,1.192225532
306,0.009745569,0.866063647,0.895623192,0.775666687,1.192610905
307,0.009751316,0.868026888,0.896609937,0.778281533,1.192985666
308,0.00975706,0.869971844,0.897589652,0.780877725,1.193334028
309,0.009762797,0.871880017,0.898554707,0.783431894,1.19364042
310,0.00976852,0.873732978,0.899497508,0.785920636,1.193889683
311,0.009774226,0.875512618,0.900410596,0.788320838,1.194067268
312,0.009779908,0.877201406,0.901286753,0.790610007,1.194159434
313,0.00978556,0.878782646,0.9021191,0.79276661,1.194153436
314,0.009791175,0.880240726,0.902901198,0.794770406,1.194037697
315,0.009796746,0.88156136,0.90362714,0.79660277,1.193801976
316,0.009802268,0.882731803,0.904291638,0.798246988,1.193437501
317,0.00980773,0.883741052,0.904890097,0.799688526,1.19293709
318,0.009813127,0.884579999,0.905418684,0.800915259,1.192295238
319,0.009818448,0.885241568,0.90587437,0.801917647,1.191508178
320,0.009823685,0.885720793,0.906254971,0.802688872,1.190573915
321,0.009828676,0.88601487,0.906559164,0.8032249,1.189492245
322,0.009815385,0.886123143,0.90678615,0.803524193,1.188267102
323,0.009803499,0.886048102,0.906936771,0.803589605,1.186902253
324,0.009793085,0.885794122,0.907012635,0.80342646,1.185402904
325,0.00978419,0.88536732,0.907016052,0.803042371,1.183775578
326,0.009771016,0.884775798,0.906950045,0.80244745,1.182029059
327,0.009759099,0.884028964,0.906818272,0.801653617,1.180172347
328,0.00974861,0.883137406,0.906624894,0.800674357,1.178215277
329,0.009739601,0.882112703,0.90637449,0.799524451,1.176168375
330,0.009731422,0.880967305,0.906072005,0.798219813,1.174042864
331,0.009719471,0.879714906,0.905722842,0.796777885,1.171851436
332,0.00970891,0.878369056,0.905332464,0.795216022,1.169605929
333,0.009699791,0.876943484,0.904906438,0.793551805,1.167318251
334,0.00969215,0.875451939,0.904450373,0.791802833,1.165000246
335,0.009684417,0.873908301,0.903969937,0.789986832,1.162663977
336,0.009673779,0.872326682,0.903470888,0.788121763,1.160321926
337,0.009664551,0.870720132,0.90295865,0.786224275,1.157985152
338,0.009656767,0.869101187,0.902438466,0.784310341,1.155664234
339,0.009650449,0.867481797,0.901915367,0.782395164,1.153369217
340,0.009642201,0.865873836,0.901394332,0.780493768,1.151110352
341,0.009632866,0.864288311,0.90088002,0.778620071,1.14889701
342,0.009624948,0.862735051,0.900376663,0.776786506,1.14673728
343,0.009618468,0.861223104,0.899888187,0.775004498,1.144638543
344,0.009613432,0.859760728,0.89941821,0.773284455,1.142607472
345,0.00960487,0.858356107,0.898970256,0.77163661,1.140651012
346,0.009596816,0.857015954,0.89854731,0.77006938,1.138774456
347,0.009590176,0.855746043,0.898151982,0.768590005,1.136982172
348,0.009584958,0.854551369,0.897786563,0.767204736,1.135277809
349,0.00957946,0.853436351,0.897453079,0.765919081,1.13366459
350,0.009571279,0.852404858,0.897153292,0.764737825,1.13214535
351,0.009564489,0.851459493,0.89688849,0.763664219,1.130721498
352,0.0095591,0.850602148,0.896659654,0.762700628,1.129393778
353,0.009555107,0.84983402,0.896467467,0.761848552,1.128162292
354,0.009548781,0.849155881,0.896312375,0.761108924,1.127026937
355,0.009541833,0.848567607,0.896194462,0.76048159,1.125986682
356,0.009536268,0.848068272,0.89611349,0.759965418,1.125039644
357,0.009532083,0.84765633,0.89606895,0.759558518,1.124183377
358,0.009528242,0.847329669,0.89606007,0.759258282,1.123414975
359,0.00952116,0.847085634,0.896085787,0.759061397,1.122731216
360,0.009515444,0.846920798,0.896144767,0.758963641,1.122127962
361,0.009511094,0.846831203,0.896235437,0.758960133,1.121600619
362,0.009508093,0.846812379,0.896356,0.759045357,1.121144164
363,0.009502609,0.846859337,0.896504376,0.759213101,1.120753314
364,0.009496707,0.846966558,0.896678281,0.759456518,1.120422261
365,0.009492158,0.847128104,0.896875268,0.759768245,1.12014479
366,0.00948895,0.847337653,0.897092719,0.760140439,1.119914408
367,0.009486536,0.84758852,0.897327846,0.760564782,1.119724394
368,0.009480484,0.847873564,0.897577604,0.761032322,1.119567886
369,0.009475766,0.848185503,0.897838947,0.761533979,1.119437761
370,0.009472371,0.848516864,0.898108741,0.762060413,1.119326821
371,0.009470271,0.84886003,0.898383786,0.762602088,1.119227832
372,0.009464613,0.849207116,0.898660695,0.763149058,1.119133625
373,0.009459866,0.849550383,0.8989362,0.763691594,1.11903707
374,0.009456452,0.849882161,0.899207061,0.76422004,1.11893118
375,0.009454348,0.850194892,0.899470078,0.764724866,1.118809163
376,0.009449621,0.850481076,0.899722017,0.765196549,1.118664542
377,0.009444261,0.85073356,0.89995981,0.765626014,1.118491154
378,0.009440222,0.850945578,0.900180576,0.766004681,1.118283179
379,0.009437489,0.851110737,0.900381582,0.766324431,1.118035208
380,0.009436031,0.85122307,0.900560268,0.766577676,1.117742281
381,0.009435807,0.851277089,0.90071427,0.766757422,1.117399926
382,0.009434636,0.851267834,0.900841409,0.766857316,1.117004284
383,0.009427225,0.851191033,0.900939717,0.766871809,1.116552362
384,0.00942116,0.851043098,0.901007613,0.766796311,1.116041493
385,0.00941644,0.850821076,0.901043779,0.766627038,1.115469594
386,0.009413049,0.85052266,0.901047163,0.76636103,1.114835171
387,0.009410957,0.850146196,0.901016984,0.765996161,1.114137322
388,0.00941012,0.849690686,0.900952732,0.765531145,1.113375727
389,0.009410482,0.849155779,0.900854169,0.764965524,1.112550637
390,0.009411977,0.848541761,0.900721322,0.764299656,1.111662861
391,0.009414528,0.847849538,0.900554475,0.763534695,1.110713745
392,0.009418051,0.847080609,0.900354167,0.762672556,1.109705149
393,0.009422456,0.846237042,0.900121175,0.76171588,1.108639416
394,0.009427646,0.845321434,0.899856502,0.760667989,1.10751934
395,0.009433523,0.844336879,0.899561364,0.759532835,1.106348134
396,0.009439986,0.843286919,0.899237174,0.758314946,1.105129387
397,0.009446933,0.842175502,0.898885519,0.757019363,1.103867023
398,0.009454263,0.841006931,0.898508148,0.75565158,1.102565259
399,0.009461877,0.839785814,0.898106944,0.754217472,1.10122856
400,0.009469678,0.838517013,0.89768391,0.752723231,1.09986159
401,0.009477574,0.837205587,0.897241143,0.751175297,1.098469167
402,0.009485477,0.835856742,0.896780812,0.749580288,1.097056215
403,0.009493303,0.83447578,0.89630514,0.747944931,1.09562772
404,0.009500975,0.833068044,0.89581638,0.746276,1.094188679
405,0.009508423,0.831638874,0.895316796,0.744580253,1.092744063
406,0.009515582,0.830193557,0.894808641,0.742864369,1.091298772
407,0.009522393,0.828737284,0.894294141,0.741134897,1.089857593
408,0.009528805,0.827275112,0.893775474,0.739398206,1.088425171
409,0.009534773,0.825811925,0.89325476,0.737660433,1.087005967
410,0.009540258,0.824352402,0.892734038,0.735927449,1.085604232
411,0.009545227,0.822900988,0.892215259,0.734204819,1.084223979
412,0.009549653,0.821461869,0.891700272,0.732497772,1.082868962
413,0.009553516,0.820038949,0.891190811,0.730811176,1.081542652
414,0.0095568,0.818635833,0.890688492,0.729149516,1.080248219
415,0.009559493,0.817255814,0.890194802,0.727516878,1.078988526
416,0.00956159,0.81590186,0.889711091,0.725916935,1.077766109
417,0.00956309,0.814576608,0.889238573,0.724352941,1.076583178
418,0.009563997,0.813282356,0.888778318,0.722827725,1.075441606
419,0.009564317,0.812021065,0.888331252,0.72134369,1.074342931
420,0.009564063,0.810794358,0.887898156,0.719902815,1.073288356
421,0.009563251,0.809603518,0.887479664,0.718506658,1.072278751
422,0.009559383,0.8084498,0.887076371,0.717156715,1.071314907
423,0.009555073,0.807333793,0.886688611,0.715853679,1.070397004
424,0.009550558,0.806255749,0.886316569,0.714597829,1.069524896
425,0.009546199,0.805215583,0.885960283,0.713389025,1.068698112
426,0.009542054,0.80421292,0.885619664,0.712226776,1.067915908
427,0.009538175,0.803247111,0.8852945,0.71111025,1.067177274
428,0.009534618,0.802317249,0.884984458,0.710038295,1.066480954
429,0.00953143,0.801422175,0.884689095,0.709009459,1.06582546
430,0.009527737,0.800560585,0.88440789,0.708022098,1.065209143
431,0.009523724,0.799730932,0.88414021,0.707074275,1.064630134
432,0.00952001,0.798931414,0.883885313,0.706163744,1.06408634
433,0.009516645,0.798160043,0.88364237,0.705288031,1.063575499
434,0.009513676,0.79741466,0.883410471,0.70444446,1.063095202
435,0.009511128,0.79669296,0.883188637,0.703630169,1.062642913
436,0.009506856,0.79599266,0.882975872,0.702842313,1.062216076
437,0.009502311,0.795311247,0.882771087,0.702077774,1.061811968
438,0.009497985,0.794646077,0.882573136,0.70133328,1.061427772
439,0.009493936,0.793994431,0.882380834,0.700605469,1.061060622
440,0.009490215,0.793353532,0.882192966,0.699890906,1.060707616
441,0.009486873,0.792720567,0.882008296,0.699186116,1.060365846
442,0.009483954,0.792092703,0.881825575,0.698487603,1.060032407
443,0.009481499,0.79146711,0.881643551,0.697791874,1.059704426
444,0.009479544,0.790840981,0.881460976,0.697095463,1.059379073
445,0.00947812,0.790211547,0.881276616,0.696394958,1.059053584
446,0.009477251,0.789576095,0.881089258,0.695687015,1.058725273
447,0.009476955,0.788931992,0.880897717,0.69496839,1.058391555
448,0.009477247,0.788276694,0.880700847,0.694235952,1.058049956
449,0.009478132,0.787607767,0.880497546,0.693486706,1.05769813
450,0.009479612,0.786922902,0.880286761,0.692717813,1.057333874
451,0.00948168,0.786219927,0.8800675,0.691926605,1.056955136
452,0.009484328,0.785496822,0.879838831,0.691110606,1.056560032
453,0.009487538,0.784751732,0.879599895,0.690267541,1.056146851
454,0.009491291,0.783982973,0.879349905,0.689395353,1.055714068
455,0.00949556,0.783189049,0.879088153,0.688492215,1.055260347
456,0.009500316,0.782368653,0.878814015,0.687556537,1.054784552
457,0.009505527,0.781520675,0.878526951,0.686586976,1.054285746
458,0.009511158,0.780644209,0.878226512,0.68558244,1.053763199
459,0.009517168,0.779738554,0.877912335,0.684542094,1.053216386
460,0.009523519,0.778803216,0.877584151,0.683465359,1.052644988
461,0.009530168,0.777837908,0.877241782,0.682351912,1.052048888
462,0.009537072,0.776842546,0.87688514,0.681201684,1.051428174
463,0.009544189,0.775817246,0.876514226,0.680014853,1.050783125
464,0.009551475,0.774762322,0.876129132,0.67879184,1.050114211
465,0.009558887,0.773678273,0.87573003,0.677533297,1.049422085
466,0.009566383,0.77256578,0.875317179,0.676240099,1.04870757
467,0.009573922,0.771425692,0.874890912,0.674913327,1.047971651
468,0.009581464,0.770259018,0.874451638,0.67355426,1.047215466
469,0.009588972,0.769066913,0.873999835,0.672164355,1.046440289
470,0.009596409,0.767850668,0.87353604,0.670745232,1.045647519
471,0.009603741,0.766611692,0.873060853,0.669298658,1.044838667
472,0.009610937,0.765351499,0.872574922,0.667826524,1.04401534
473,0.009617966,0.764071696,0.87207894,0.666330834,1.043179225
474,0.009624803,0.762773965,0.871573639,0.66481368,1.04233208
475,0.009631422,0.761460048,0.871059784,0.663277225,1.041475709
476,0.009637801,0.760131735,0.870538163,0.661723684,1.040611959
477,0.00964392,0.758790844,0.870009584,0.660155307,1.039742693
478,0.009649763,0.757439212,0.869474869,0.65857436,1.038869785
479,0.009655314,0.756078679,0.868934842,0.656983107,1.037995101
480,0.00966056,0.754711071,0.86839033,0.655383796,1.03712049
481,0.009665492,0.753338195,0.867842154,0.653778641,1.036247766
482,0.009670102,0.751961819,0.867291121,0.652169809,1.035378699
483,0.009674384,0.750583669,0.866738024,0.650559406,1.034515006
484,0.009678335,0.749205412,0.866183635,0.648949467,1.033658337
485,0.009681954,0.74782865,0.865628697,0.64734194,1.032810268
486,0.009685243,0.746454912,0.865073926,0.645738682,1.031972291
487,0.009688204,0.745085647,0.864520003,0.644141446,1.031145811
488,0.009690843,0.743722215,0.863967574,0.642551878,1.030332133
489,0.009693168,0.742365883,0.863417244,0.640971505,1.029532462
490,0.009695188,0.741017824,0.862869575,0.639401735,1.028747897
491,0.009696915,0.739679107,0.862325086,0.63784385,1.027979426
492,0.009698363,0.738350699,0.861784253,0.636299005,1.027227924
493,0.009699548,0.737033461,0.861247499,0.634768225,1.026494155
494,0.009700487,0.735728146,0.860715205,0.633252403,1.025778764
495,0.009701199,0.734435403,0.860187701,0.631752301,1.025082281
496,0.009701707,0.73315577,0.859665267,0.630268551,1.024405123
497,0.009702033,0.731889683,0.859148136,0.628801657,1.023747591
498,0.0097022,0.730637469,0.858636493,0.627351993,1.023109876
499,0.009702236,0.729399354,0.858130473,0.625919812,1.022492057
500,0.009702165,0.728175464,0.857630166,0.624505244,1.02189411
501,0.009702017,0.726965827,0.857135615,0.623108301,1.021315905
502,0.009701819,0.725770377,0.85664682,0.621728885,1.020757213
503,0.0097016,0.724588957,0.856163735,0.620366788,1.020217712
504,0.009701389,0.723421324,0.855686275,0.619021697,1.019696987
505,0.009701215,0.722267152,0.855214314,0.617693207,1.019194542
506,0.009701106,0.721126039,0.854747688,0.616380814,1.018709798
507,0.009701091,0.719997508,0.854286199,0.615083934,1.018242101
508,0.009701196,0.718881017,0.853829613,0.613801901,1.017790731
509,0.009701447,0.717775959,0.853377667,0.612533974,1.017354904
510,0.009701869,0.716681671,0.852930068,0.611279347,1.016933778
511,0.009702485,0.715597438,0.852486497,0.610037153,1.016526462
512,0.009703315,0.714522499,0.85204661,0.608806473,1.01613202
513,0.009704379,0.713456051,0.851610043,0.607586338,1.015749478
514,0.009705693,0.712397257,0.851176414,0.606375742,1.015377829
515,0.009707271,0.711345252,0.850745322,0.605173645,1.01501604
516,0.009709126,0.710299145,0.850316355,0.60397898,1.014663061
517,0.009711266,0.709258029,0.84988909,0.602790661,1.014317826
518,0.009713698,0.708220983,0.849463096,0.601607589,1.013979262
519,0.009716427,0.707187081,0.849037934,0.600428658,1.013646295
520,0.009719454,0.706155394,0.848613166,0.599252765,1.013317858
521,0.009722778,0.705125,0.848188351,0.598078811,1.01299289
522,0.009726396,0.704094983,0.847763051,0.596905711,1.012670351
523,0.009730301,0.703064444,0.847336834,0.5957324,1.012349219
524,0.009734486,0.702032504,0.846909274,0.594557838,1.012028501
525,0.009738941,0.700998307,0.846479955,0.593381016,1.011707234
526,0.009743653,0.699961028,0.846048473,0.592200959,1.011384494
527,0.009748609,0.698919873,0.845614438,0.591016736,1.011059398
528,0.009753794,0.697874089,0.845177477,0.589827461,1.010731107
529,0.009759191,0.696822962,0.844737234,0.588632301,1.010398835
530,0.009764783,0.695765824,0.844293374,0.587430475,1.010061845
531,0.00977055,0.694702057,0.843845584,0.586221263,1.009719462
532,0.009776474,0.693631092,0.843393573,0.585004005,1.009371066
533,0.009782535,0.692552416,0.842937077,0.583778109,1.009016102
534,0.009788712,0.691465571,0.842475856,0.582543048,1.008654081
535,0.009794986,0.690370157,0.842009696,0.581298367,1.008284576
536,0.009801335,0.689265836,0.841538415,0.580043679,1.007907231
537,0.009807741,0.688152327,0.841061856,0.578778673,1.007521759
538,0.009814183,0.687029413,0.840579892,0.57750311,1.007127941
539,0.009820642,0.685896937,0.840092427,0.576216822,1.006725626
540,0.0098271,0.684754804,0.839599391,0.574919716,1.006314735
541,0.009833538,0.68360298,0.839100748,0.573611771,1.005895254
542,0.009839941,0.68244149,0.838596487,0.572293036,1.005467238
543,0.009846291,0.681270419,0.838086628,0.570963628,1.005030807
544,0.009852574,0.680089907,0.837571219,0.569623733,1.004586144
545,0.009858776,0.678900151,0.837050336,0.568273599,1.004133492
546,0.009864883,0.677701398,0.836524078,0.566913538,1.003673154
547,0.009870885,0.676493949,0.835992573,0.565543917,1.003205488
548,0.009876769,0.675278146,0.835455972,0.56416516,1.002730902
549,0.009882527,0.674054382,0.834914448,0.562777742,1.002249855
550,0.009888151,0.672823084,0.834368195,0.561382183,1.001762849
551,0.009893632,0.671584722,0.833817428,0.559979045,1.001270426
552,0.009898966,0.670339795,0.833262378,0.558568932,1.000773168
553,0.009904147,0.669088835,0.832703294,0.557152477,1.000271685
554,0.009909172,0.667832398,0.832140438,0.555730344,0.999766618
555,0.009914037,0.666571062,0.831574087,0.554303222,0.999258629
556,0.009918743,0.665305425,0.831004525,0.552871819,0.998748401
557,0.009923288,0.664036099,0.830432049,0.551436858,0.99823663
558,0.009927673,0.662763704,0.829856959,0.549999072,0.997724025
559,0.0099319,0.66148887,0.829279563,0.548559201,0.997211299
560,0.009935972,0.660212228,0.828700172,0.547117987,0.996699165
561,0.009939893,0.658934409,0.828119099,0.545676169,0.996188338
562,0.009943667,0.657656041,0.827536654,0.54423448,0.995679523
563,0.009947301,0.656377743,0.826953148,0.542793641,0.995173416
564,0.009950801,0.655100123,0.826368889,0.541354361,0.994670699
565,0.009954174,0.653823779,0.825784177,0.539917331,0.994172038
566,0.009957429,0.652549289,0.825199308,0.538483222,0.993678077
567,0.009960575,0.651277215,0.82461457,0.53705268,0.993189437
568,0.00996362,0.650008095,0.824030241,0.535626327,0.992706714
569,0.009966577,0.648742445,0.823446589,0.534204753,0.992230471
570,0.009969454,0.647480755,0.822863871,0.532788521,0.991761246
571,0.009972264,0.646223489,0.822282331,0.531378157,0.991299537
572,0.009975018,0.644971081,0.821702199,0.529974156,0.990845813
573,0.009977728,0.643723934,0.821123693,0.528576974,0.990400502
574,0.009980405,0.642482422,0.820547015,0.527187033,0.989963995
575,0.009983063,0.641246883,0.81997235,0.525804713,0.989536643
576,0.009985713,0.640017625,0.819399869,0.524430358,0.98911876
577,0.009988368,0.638794922,0.818829725,0.52306427,0.988710614
578,0.009991039,0.637579011,0.818262057,0.521706714,0.988312436
579,0.009993738,0.636370099,0.817696985,0.520357911,0.987924413
580,0.009996477,0.635168354,0.81713461,0.519018045,0.98754669
581,0.009999267,0.633973914,0.816575019,0.517687261,0.987179372
582,0.010002118,0.63278688,0.816018281,0.516365662,0.986822521
583,0.01000504,0.631607321,0.815464447,0.515053315,0.98647616
584,0.010008043,0.630435272,0.814913552,0.513750247,0.986140271
585,0.010011135,0.629270737,0.814365614,0.512456451,0.985814797
586,0.010014324,0.628113689,0.813820635,0.511171881,0.985499643
587,0.010017617,0.626964069,0.8132786,0.50989646,0.985194676
588,0.010021021,0.625821789,0.81273948,0.508630076,0.984899731
589,0.01002454,0.624686735,0.81220323,0.507372584,0.984614604
590,0.010028179,0.623558765,0.811669793,0.506123813,0.984339062
591,0.010031941,0.622437711,0.811139094,0.504883561,0.984072841
592,0.010035829,0.621323382,0.81061105,0.503651599,0.983815647
593,0.010039845,0.620215565,0.810085562,0.502427675,0.98356716
594,0.010043989,0.619114028,0.809562522,0.501211514,0.983327035
595,0.01004826,0.618018518,0.809041811,0.500002821,0.983094905
596,0.010052658,0.616928766,0.808523298,0.49880128,0.982870382
597,0.010057181,0.615844488,0.808006848,0.497606563,0.982653061
598,0.010061826,0.614765388,0.807492314,0.496418325,0.982442522
599,0.010066589,0.613691157,0.806979544,0.49523621,0.982238331
600,0.010071465,0.61262148,0.80646838,0.494059853,0.982040044
601,0.010076452,0.611556033,0.805958661,0.492888882,0.98184721
602,0.010081541,0.610494487,0.805450221,0.491722919,0.981659372
603,0.010086728,0.60943651,0.80494289,0.490561586,0.981476072
604,0.010092007,0.608381772,0.8044365,0.489404503,0.981296851
605,0.010097369,0.607329941,0.80393088,0.488251294,0.981121255
606,0.010102808,0.606280691,0.803425861,0.487101586,0.980948832
607,0.010108317,0.6052337,0.802921276,0.485955015,0.980779143
608,0.010113888,0.604188654,0.802416962,0.484811224,0.980611755
609,0.010119512,0.60314525,0.801912757,0.48366987,0.980446253
610,0.010125182,0.602103192,0.801408508,0.482530621,0.980282234
611,0.010130889,0.601062203,0.800904065,0.481393162,0.980119316
612,0.010136627,0.600022017,0.800399286,0.480257194,0.979957137
613,0.010142387,0.598982385,0.799894039,0.479122439,0.979795355
614,0.010148161,0.597943077,0.799388198,0.477988639,0.979633657
615,0.010153941,0.596903882,0.798881649,0.476855558,0.979471753
616,0.010159721,0.595864612,0.798374288,0.475722985,0.979309383
617,0.010165494,0.594825097,0.797866021,0.474590733,0.979146317
618,0.010171251,0.593785195,0.797356767,0.473458643,0.978982354
619,0.010176988,0.592744783,0.796846458,0.472326581,0.978817328
620,0.010182697,0.591703767,0.796335038,0.471194442,0.978651106
621,0.010188374,0.590662077,0.795822465,0.470062151,0.978483588
622,0.010194012,0.589619669,0.795308711,0.468929659,0.978314709
623,0.010199607,0.588576523,0.794793762,0.467796949,0.978144441
624,0.010205154,0.58753265,0.794277617,0.466664033,0.97797279
625,0.010210649,0.586488084,0.79376029,0.465530952,0.977799797
626,0.010216088,0.585442886,0.79324181,0.464397775,0.977625539
627,0.010221469,0.584397143,0.79272222,0.463264601,0.977450128
628,0.010226788,0.583350967,0.792201576,0.462131556,0.977273708
629,0.010232043,0.582304496,0.79167995,0.460998794,0.977096459
630,0.010237233,0.58125789,0.791157424,0.459866495,0.976918591
631,0.010242355,0.580211334,0.790634096,0.458734864,0.976740347
632,0.010247409,0.579165035,0.790110077,0.45760413,0.976561997
633,0.010252394,0.578119218,0.789585487,0.456474544,0.976383841
634,0.010257311,0.577074132,0.789060459,0.455346379,0.976206203
635,0.010262159,0.576030041,0.788535139,0.454219928,0.976029435
636,0.01026694,0.574987226,0.788009679,0.4530955,0.975853908
637,0.010271654,0.573945986,0.787484244,0.451973421,0.975680014
638,0.010276302,0.572906631,0.786959004,0.450854032,0.975508165
639,0.010280888,0.571869484,0.786434139,0.449737685,0.975338786
640,0.010285413,0.570834878,0.785909835,0.448624745,0.975172318
641,0.010289879,0.569803155,0.785386283,0.447515582,0.975009212
642,0.01029429,0.568774663,0.784863681,0.446410576,0.974849926
643,0.010298649,0.567749757,0.784342228,0.445310109,0.974694927
644,0.010302959,0.566728791,0.783822127,0.444214567,0.974544685
645,0.010307224,0.565712126,0.783303585,0.443124336,0.974399668
646,0.010311447,0.564700119,0.782786805,0.442039802,0.974260348
647,0.010315633,0.563693126,0.782271996,0.440961347,0.97412719
648,0.010319787,0.5626915,0.781759361,0.439889348,0.974000654
649,0.010323912,0.561695588,0.781249104,0.438824175,0.97388119
650,0.010328012,0.56070573,0.780741425,0.437766191,0.97376924
651,0.010332094,0.559722258,0.780236522,0.436715748,0.973665233
652,0.010336161,0.558745495,0.779734585,0.435673187,0.973569581
653,0.010340218,0.557775751,0.779235803,0.434638835,0.973482682
654,0.01034427,0.556813326,0.778740355,0.433613007,0.973404914
655,0.010348321,0.555858503,0.778248416,0.432596,0.973336634
656,0.010352377,0.554911554,0.777760152,0.431588095,0.97327818
657,0.01035644,0.553972734,0.777275722,0.430589557,0.973229864
658,0.010360517,0.553042279,0.776795276,0.42960063,0.973191974
659,0.010364611,0.552120412,0.776318953,0.42862154,0.973164773
660,0.010368726,0.551207333,0.775846884,0.427652492,0.973148498
661,0.010372867,0.550303227,0.775379191,0.426693671,0.973143355
662,0.010377037,0.549408259,0.774915983,0.425745241,0.973149526
663,0.010381239,0.548522573,0.774457361,0.424807344,0.97316716
664,0.010385476,0.547646295,0.774003413,0.423880101,0.973196381
665,0.010389753,0.546779529,0.773554216,0.42296361,0.97323728
666,0.01039407,0.545922363,0.773109838,0.422057949,0.97328992
667,0.010398432,0.545074859,0.772670332,0.421163173,0.973354336
668,0.010402839,0.544237066,0.772235745,0.420279316,0.973430532
669,0.010407295,0.543409008,0.771806107,0.419406391,0.973518483
670,0.010411799,0.542590693,0.771381443,0.418544392,0.973618139
671,0.010416353,0.541782111,0.770961763,0.417693292,0.973729421
672,0.010420959,0.540983233,0.770547069,0.416853044,0.973852225
673,0.010425617,0.540194012,0.770137352,0.416023586,0.97398642
674,0.010430326,0.539414388,0.769732593,0.415204835,0.974131854
675,0.010435088,0.538644281,0.769332766,0.414396695,0.97428835
676,0.0104399,0.537883602,0.768937834,0.413599052,0.974455715
677,0.010444764,0.537132246,0.768547754,0.412811781,0.974633731
678,0.010449677,0.536390095,0.768162475,0.412034743,0.974822168
679,0.010454639,0.535657023,0.767781939,0.411267788,0.975020779
680,0.010459648,0.534932894,0.767406083,0.410510756,0.975229303
681,0.010464703,0.534217562,0.767034838,0.409763481,0.975447471
682,0.010469801,0.533510878,0.766668131,0.409025788,0.975675002
683,0.01047494,0.532812685,0.766305888,0.408297498,0.975911612
684,0.010480118,0.532122826,0.765948028,0.407578429,0.976157011
685,0.010485333,0.531441138,0.765594473,0.406868398,0.976410907
686,0.010490581,0.530767463,0.765245141,0.406167222,0.976673012
687,0.01049586,0.53010164,0.764899952,0.405474719,0.976943039
688,0.010501167,0.529443514,0.764558828,0.404790712,0.977220707
689,0.010506499,0.528792933,0.764221692,0.40411503,0.977505745
690,0.010511853,0.528149753,0.76388847,0.403447507,0.977797891
691,0.010517226,0.527513838,0.763559093,0.402787987,0.978096897
692,0.010522614,0.526885059,0.763233496,0.402136326,0.978402531
693,0.010528014,0.526263301,0.762911622,0.401492389,0.978714578
694,0.010533423,0.525648461,0.762593419,0.400856057,0.979032841
695,0.010538838,0.525040447,0.762278842,0.400227224,0.979357148
696,0.010544255,0.524439184,0.761967857,0.399605801,0.979687348
697,0.010549672,0.523844615,0.761660436,0.398991718,0.980023315
698,0.010555085,0.523256696,0.761356563,0.39838492,0.98036495
699,0.010560491,0.522675405,0.761056231,0.397785374,0.980712183
700,0.010565887,0.522100735,0.760759446,0.397193066,0.98106497
701,0.010571271,0.521532702,0.760466222,0.396608003,0.981423298
702,0.010576639,0.520971341,0.760176586,0.396030215,0.981787187
703,0.01058199,0.520416705,0.759890578,0.395459751,0.982156682
704,0.01058732,0.519868872,0.75960825,0.394896684,0.982531865
705,0.010592627,0.519327938,0.759329663,0.394341108,0.982912843
706,0.010597909,0.518794018,0.759054895,0.393793139,0.983299759
707,0.010603163,0.518267252,0.758784032,0.393252915,0.983692781
708,0.010608389,0.517747795,0.758517175,0.392720595,0.984092109
709,0.010613584,0.517235826,0.758254433,0.392196358,0.98449797
710,0.010618747,0.516731538,0.75799593,0.391680403,0.984910617
711,0.010623875,0.516235146,0.757741799,0.391172948,0.985330329
712,0.010628969,0.515746879,0.757492182,0.390674229,0.985757409
713,0.010634027,0.515266982,0.757247232,0.390184496,0.986192178
714,0.010639048,0.514795716,0.757007111,0.389704018,0.986634979
715,0.010644031,0.514333352,0.756771988,0.389233073,0.987086172
716,0.010648976,0.513880175,0.756542039,0.388771956,0.987546127
717,0.010653883,0.513436478,0.756317448,0.388320967,0.988015231
718,0.010658751,0.513002562,0.7560984,0.387880417,0.988493874
719,0.010663581,0.512578735,0.755885089,0.387450622,0.988982454
720,0.010668372,0.512165307,0.755677707,0.387031905,0.989481373
721,0.010673126,0.511762593,0.755476451,0.386624588,0.989991027
722,0.010677842,0.511370906,0.755281517,0.386228994,0.990511813
723,0.010682521,0.510990557,0.755093101,0.385845444,0.991044117
724,0.010687165,0.510621854,0.754911395,0.385474257,0.991588315
725,0.010691774,0.510265098,0.75473659,0.38511574,0.99214477
726,0.010696349,0.509920582,0.754568871,0.384770198,0.992713826
727,0.010700892,0.509588589,0.754408417,0.384437921,0.993295807
728,0.010705404,0.509269388,0.7542554,0.384119186,0.993891014
729,0.010709886,0.508963236,0.754109984,0.383814258,0.99449972
730,0.01071434,0.508670372,0.753972324,0.383523382,0.995122169
731,0.010718768,0.508391018,0.753842562,0.383246787,0.995758572
732,0.010723172,0.508125375,0.753720832,0.38298468,0.996409107
733,0.010727553,0.507873624,0.75360725,0.382737245,0.997073913
734,0.010731913,0.507635923,0.753501924,0.382504645,0.997753091
735,0.010736255,0.507412405,0.753404944,0.382287014,0.9984467
736,0.010740579,0.507203177,0.753316384,0.382084464,0.999154758
737,0.010744889,0.507008322,0.753236306,0.381897076,0.999877237
738,0.010749185,0.506827894,0.753164752,0.381724905,1.000614068
739,0.010753471,0.506661919,0.753101748,0.381567977,1.001365133
740,0.010757748,0.506510396,0.753047303,0.381426288,1.002130271
741,0.010762017,0.506373295,0.753001409,0.381299804,1.002909274
742,0.010766282,0.506250556,0.752964039,0.381188464,1.003701891
743,0.010770542,0.506142093,0.752935151,0.381092174,1.004507826
744,0.010774801,0.506047791,0.752914685,0.381010813,1.005326739
745,0.01077906,0.505967508,0.752902562,0.380944233,1.006158252
746,0.01078332,0.505901075,0.75289869,0.380892257,1.007001944
747,0.010787583,0.505848299,0.75290296,0.380854682,1.00785736
748,0.01079185,0.505808962,0.752915248,0.38083128,1.008724008
749,0.010796122,0.505782825,0.752935417,0.380821802,1.009601369
750,0.010800401,0.505769628,0.752963316,0.380825976,1.01048889
751,0.010804687,0.505769091,0.752998782,0.38084351,1.011385999
752,0.010808981,0.505780921,0.753041645,0.380874097,1.012292101
753,0.010813283,0.505804808,0.753091723,0.380917414,1.013206584
754,0.010817594,0.505840432,0.753148826,0.380973127,1.014128825
755,0.010821915,0.505887464,0.75321276,0.381040893,1.015058192
756,0.010826245,0.505945568,0.753283327,0.381120361,1.015994052
757,0.010830584,0.506014406,0.753360326,0.381211178,1.016935771
758,0.010834933,0.50609364,0.753443554,0.38131299,1.017882721
759,0.01083929,0.506182932,0.753532811,0.381425447,1.018834287
760,0.010843655,0.506281952,0.753627897,0.381548203,1.019789867
761,0.010848027,0.506390377,0.753728621,0.381680921,1.02074888
762,0.010852406,0.506507897,0.753834794,0.381823276,1.021710768
763,0.01085679,0.506634212,0.753946236,0.381974957,1.022675
764,0.010861178,0.506769042,0.754062778,0.382135672,1.02364108
765,0.010865569,0.506912125,0.754184261,0.382305146,1.024608544
766,0.010869962,0.507063219,0.754310536,0.382483128,1.025576967
767,0.010874353,0.507222106,0.75444147,0.382669392,1.026545966
768,0.010878743,0.507388593,0.754576946,0.382863734,1.027515199
769,0.010883128,0.507562511,0.754716858,0.383065984,1.02848437
770,0.010887507,0.507743722,0.754861119,0.383275994,1.029453229
771,0.010891878,0.507932114,0.755009658,0.383493652,1.030421573
772,0.010896238,0.508127604,0.755162422,0.383718872,1.031389244
773,0.010900585,0.508330137,0.755319373,0.3839516,1.032356132
774,0.010904917,0.508539688,0.755480491,0.384191813,1.033322172
775,0.010909232,0.50875626,0.755645774,0.384439518,1.034287342
776,0.010913526,0.508979881,0.755815234,0.384694748,1.035251661
777,0.010917797,0.509210608,0.755988898,0.384957567,1.036215188
778,0.010922044,0.509448519,0.756166809,0.385228061,1.037178017
779,0.010926262,0.509693716,0.756349023,0.385506344,1.038140274
780,0.010930451,0.509946319,0.756535606,0.385792547,1.039102114
781,0.010934606,0.510206466,0.756726635,0.386086822,1.040063713
782,0.010938726,0.510474309,0.756922197,0.386389335,1.041025266
783,0.010942808,0.51075001,0.757122383,0.386700265,1.041986982
784,0.010946849,0.511033742,0.75732729,0.387019799,1.042949077
785,0.010950848,0.511325677,0.757537017,0.387348128,1.043911771
786,0.010954802,0.511625992,0.757751665,0.387685447,1.044875278
787,0.010958708,0.511934858,0.757971331,0.388031945,1.045839804
788,0.010962564,0.51225244,0.758196109,0.388387807,1.046805542
789,0.010966369,0.512578894,0.758426086,0.388753204,1.047772662
790,0.01097012,0.51291436,0.758661342,0.389128296,1.048741311
791,0.010973815,0.513258959,0.758901946,0.389513223,1.049711605
792,0.010977452,0.513612796,0.759147955,0.389908103,1.050683624
793,0.010981031,0.513975946,0.75939941,0.39031303,1.05165741
794,0.010984548,0.514348461,0.759656338,0.390728068,1.052632961
795,0.010988004,0.514730361,0.759918747,0.391153251,1.053610231
796,0.010991396,0.515121637,0.760186629,0.39158858,1.054589124
797,0.010994723,0.515522244,0.760459952,0.39203402,1.055569493
798,0.010997985,0.515932102,0.760738666,0.392489499,1.05655114
799,0.01100118,0.516351097,0.7610227,0.392954906,1.057533814
800,0.011004308,0.516779078,0.76131196,0.393430092,1.058517213
801,0.011007368,0.517215855,0.761606331,0.393914869,1.059500983
802,0.01101036,0.517661204,0.761905677,0.39440901,1.060484722
803,0.011013284,0.518114867,0.762209842,0.394912251,1.061467979
804,0.011016138,0.518576551,0.762518648,0.39542429,1.06245026
805,0.011018924,0.51904593,0.762831901,0.395944793,1.063431033
806,0.011021641,0.519522651,0.763149387,0.396473392,1.064409727
807,0.01102429,0.520006333,0.763470879,0.397009692,1.065385744
808,0.011026871,0.520496573,0.763796135,0.397553271,1.06635846
809,0.011029383,0.520992948,0.764124902,0.398103685,1.067327232
810,0.011031829,0.521495018,0.764456917,0.398660474,1.068291404
811,0.011034208,0.522002335,0.764791912,0.399223164,1.069250318
812,0.011036522,0.52251444,0.765129613,0.399791272,1.070203313
813,0.01103877,0.523030876,0.765469748,0.400364313,1.07114974
814,0.011040954,0.523551183,0.765812043,0.400941801,1.072088964
815,0.011043075,0.524074914,0.766156229,0.40152326,1.073020372
816,0.011045134,0.52460163,0.766502046,0.402108223,1.073943381
817,0.011047131,0.52513091,0.766849242,0.40269624,1.074857442
818,0.011049068,0.525662352,0.767197577,0.403286883,1.075762049
819,0.011050946,0.526195581,0.767546827,0.403879749,1.076656742
820,0.011052765,0.52673025,0.767896784,0.404474465,1.077541112
821,0.011054527,0.527266044,0.768247259,0.405070693,1.078414806
822,0.011056232,0.527802681,0.768598083,0.405668129,1.079277531
823,0.011057881,0.528339921,0.76894911,0.406266512,1.080129055
824,0.011059475,0.528877559,0.769300217,0.406865621,1.080969208
825,0.011061016,0.529415434,0.769651304,0.407465279,1.081797885
826,0.011062502,0.529953425,0.770002296,0.408065354,1.082615047
827,0.011063935,0.530491452,0.770353143,0.408665757,1.083420715
828,0.011065316,0.531029478,0.770703818,0.409266446,1.084214974
829,0.011066644,0.531567506,0.771054319,0.409867421,1.084997966
830,0.011067919,0.532105577,0.771404664,0.410468724,1.085769887
831,0.011069142,0.532643768,0.771754895,0.411070435,1.086530986
832,0.011070312,0.53318219,0.772105072,0.411672673,1.087281556
833,0.01107143,0.533720984,0.772455274,0.412275589,1.088021931
834,0.011072493,0.534260318,0.772805594,0.412879362,1.088752476
835,0.011073503,0.534800381,0.773156138,0.413484197,1.089473587
836,0.011074457,0.535341382,0.773507024,0.414090319,1.090185676
837,0.011075356,0.53588354,0.773858377,0.414697966,1.090889169
838,0.011076197,0.536427085,0.774210326,0.415307389,1.091584498
839,0.011076979,0.536972249,0.774563004,0.415918839,1.092272092
840,0.011077701,0.537519263,0.774916541,0.416532568,1.09295237
841,0.011078362,0.538068348,0.775271064,0.417148821,1.093625735
842,0.011078959,0.538619717,0.775626694,0.417767831,1.094292566
843,0.01107949,0.539173565,0.775983541,0.418389812,1.094953214
844,0.011079953,0.539730066,0.776341705,0.41901496,1.095607991
845,0.011080347,0.540289368,0.776701271,0.419643439,1.096257172
846,0.011080668,0.540851593,0.777062307,0.420275387,1.096900984
847,0.011080914,0.54141683,0.777424863,0.420910905,1.097539608
848,0.011081083,0.541985134,0.77778897,0.421550059,1.098173169
849,0.011081172,0.542556522,0.778154639,0.422192874,1.098801743
850,0.011081178,0.543130975,0.778521857,0.422839335,1.099425349
851,0.011081099,0.543708435,0.778890592,0.423489385,1.100043951
852,0.011080932,0.544288805,0.779260786,0.424142922,1.100657458
853,0.011080674,0.544871949,0.779632361,0.424799804,1.101265728
854,0.011080322,0.545457694,0.780005219,0.425459848,1.10186857
855,0.011079875,0.546045832,0.780379239,0.42612283,1.102465743
856,0.011079329,0.546636119,0.780754282,0.426788491,1.103056967
857,0.011078682,0.547228283,0.781130192,0.427456534,1.103641923
858,0.011077931,0.547822025,0.781506797,0.428126635,1.104220259
859,0.011077074,0.548417019,0.78188391,0.428798443,1.104791599
860,0.011076109,0.549012923,0.782261337,0.429471583,1.105355546
861,0.011075034,0.549609378,0.782638871,0.430145663,1.10591169
862,0.011073848,0.550206018,0.783016302,0.430820281,1.106459617
863,0.011072548,0.550802468,0.783393416,0.431495027,1.106998911
864,0.011071134,0.551398355,0.783770001,0.432169489,1.107529167
865,0.011069603,0.55199331,0.784145844,0.43284326,1.108049995
866,0.011067956,0.552586975,0.784520741,0.433515943,1.108561025
867,0.011066192,0.553179005,0.784894495,0.434187155,1.109061915
868,0.011064309,0.553769074,0.785266919,0.434856535,1.109552359
869,0.011062309,0.554356881,0.78563784,0.435523743,1.110032087
870,0.011060192,0.554942151,0.786007101,0.436188471,1.110500875
871,0.011057957,0.555524637,0.786374562,0.436850443,1.110958545
872,0.011055605,0.55610413,0.786740101,0.437509419,1.111404968
873,0.011053139,0.556680451,0.787103616,0.438165196,1.111840069
874,0.011050558,0.557253462,0.787465027,0.438817613,1.112263826
875,0.011047865,0.557823062,0.787824276,0.43946655,1.112676271
876,0.011045062,0.558389188,0.788181325,0.44011193,1.113077491
877,0.01104215,0.558951815,0.788536159,0.440753717,1.113467621
878,0.011039133,0.559510957,0.788888784,0.441391919,1.113846851
879,0.011036012,0.560066662,0.789239227,0.44202658,1.114215415
880,0.01103279,0.560619014,0.789587533,0.442657785,1.114573591
881,0.011029472,0.561168127,0.789933767,0.443285652,1.114921695
882,0.011026058,0.561714143,0.790278007,0.443910334,1.11526008
883,0.011022368,0.562257222,0.790620342,0.444531997,1.115589118
884,0.011018376,0.562797541,0.790960871,0.445150833,1.115909206
885,0.011014075,0.563335295,0.791299703,0.445767052,1.116220758
886,0.01100972,0.563870705,0.791636962,0.446380892,1.116524205
887,0.011005314,0.564403998,0.791972777,0.446992601,1.116819981
888,0.01100086,0.564935405,0.792307277,0.447602432,1.117108519
889,0.010996259,0.565465151,0.79264059,0.448210631,1.11739024
890,0.010991342,0.565993449,0.792972834,0.448817429,1.117665546
891,0.010986391,0.566520512,0.793304131,0.449423063,1.117934827
892,0.010981405,0.567046542,0.793634596,0.450027753,1.118198446
893,0.010976385,0.567571722,0.793964332,0.450631704,1.118456737
894,0.01097133,0.568096214,0.794293433,0.451235092,1.11871
895,0.010966239,0.568620156,0.794621976,0.451838072,1.118958496
896,0.010961112,0.569143658,0.794950026,0.452440766,1.119202446
897,0.010955948,0.569666804,0.795277631,0.453043266,1.11944203
898,0.010950746,0.570189644,0.795604822,0.45364563,1.119677384
899,0.010945507,0.5707122,0.795931613,0.454247882,1.119908597
900,0.010940228,0.571234461,0.796258,0.454850009,1.120135717
901,0.010934848,0.571756382,0.796583959,0.455451962,1.120358747
902,0.010929289,0.572277882,0.796909447,0.45605365,1.120577646
903,0.010923614,0.572798854,0.797234407,0.456654955,1.120792336
904,0.01091779,0.573319163,0.797558764,0.457255723,1.121002702
905,0.010911936,0.57383865,0.797882433,0.457855778,1.121208599
906,0.010906056,0.574357136,0.798205315,0.458454918,1.121409852
907,0.010900151,0.574874419,0.7985273,0.459052918,1.121606264
908,0.010894226,0.575390283,0.798848268,0.459649531,1.121797617
909,0.010888283,0.575904494,0.799168092,0.460244496,1.121983676
910,0.010882327,0.57641681,0.79948664,0.460837539,1.122164201
911,0.01087636,0.576926984,0.799803773,0.461428378,1.122338943
912,0.010870386,0.577434763,0.800119354,0.46201673,1.122507657
913,0.01086441,0.577939899,0.800433244,0.462602308,1.122670103
914,0.010858435,0.578442145,0.80074531,0.463184835,1.122826052
915,0.010852465,0.578941266,0.80105542,0.463764039,1.122975289
916,0.010846504,0.579437038,0.801363452,0.464339665,1.123117621
917,0.010840556,0.579929252,0.801669289,0.464911471,1.123252877
918,0.010834624,0.580417717,0.801972828,0.465479238,1.123380914
919,0.010828711,0.580902266,0.802273974,0.46604277,1.123501619
920,0.010822822,0.581382751,0.802572647,0.466601893,1.123614911
921,0.01081696,0.581859051,0.80286878,0.467156466,1.123720746
922,0.010811126,0.582331071,0.803162321,0.467706375,1.123819111
923,0.010805325,0.582798745,0.803453232,0.468251535,1.123910034
924,0.010799557,0.583262031,0.803741492,0.468791895,1.123993576
925,0.010793826,0.58372092,0.804027093,0.469327434,1.124069834
926,0.010788133,0.584175425,0.804310045,0.469858162,1.124138943
927,0.010782479,0.58462559,0.804590371,0.47038412,1.124201066
928,0.010776865,0.585071482,0.804868108,0.470905377,1.124256399
929,0.010771293,0.585513193,0.805143306,0.471422029,1.124305167
930,0.010765761,0.585950836,0.80541603,0.471934196,1.124347618
931,0.010760271,0.586384543,0.80568635,0.472442022,1.124384023
932,0.010754821,0.586814463,0.805954351,0.472945669,1.124414669
933,0.010749413,0.587240759,0.806220122,0.473445317,1.124439858
934,0.010744043,0.587663606,0.80648376,0.473941155,1.124459901
935,0.010738612,0.588083183,0.806745364,0.474433382,1.124475115
936,0.010733184,0.588499674,0.807005036,0.474922201,1.124485817
937,0.010727795,0.588913267,0.807262882,0.475407821,1.124492322
938,0.010722445,0.589324151,0.807519004,0.475890452,1.124494937
939,0.010717133,0.589732506,0.807773505,0.476370294,1.12449396
940,0.010711858,0.590138508,0.808026481,0.476847542,1.124489671
941,0.010706619,0.590542319,0.808278025,0.477322379,1.124482335
942,0.010701413,0.590944091,0.808528219,0.477794974,1.124472192
943,0.01069624,0.591343958,0.808777142,0.478265476,1.124459462
944,0.010691097,0.591742038,0.809024858,0.478734018,1.124444337
945,0.010685983,0.592138428,0.809271423,0.479200709,1.12442698
946,0.010680895,0.592533208,0.809516884,0.479665636,1.124407526
947,0.010675833,0.592926432,0.809761271,0.480128861,1.12438608
948,0.010670793,0.593318134,0.810004606,0.480590421,1.124362716
949,0.01066569,0.593708321,0.810246895,0.481050324,1.124337477
950,0.010660613,0.594096983,0.810488134,0.481508555,1.124310376
951,0.01065556,0.594484084,0.810728306,0.481965074,1.124281398
952,0.010650531,0.594869571,0.810967384,0.482419819,1.1242505
953,0.010645524,0.595253366,0.811205328,0.482872702,1.124217614
954,0.010640537,0.595635376,0.811442088,0.483323613,1.124182648
955,0.010635568,0.596015488,0.811677606,0.483772425,1.124145488
956,0.010630618,0.596393576,0.811911814,0.48421899,1.124106004
957,0.010625685,0.596769498,0.812144637,0.484663147,1.124064051
958,0.010620768,0.597143103,0.812375994,0.485104722,1.12401947
959,0.010615867,0.597514232,0.812605799,0.48554353,1.123972098
960,0.010610982,0.597882719,0.812833964,0.48597938,1.123921762
961,0.010606113,0.598248396,0.813060398,0.486412079,1.123868292
962,0.01060126,0.598611093,0.813285009,0.486841429,1.123811518
963,0.010596423,0.598970645,0.813507709,0.487267237,1.123751276
964,0.010591604,0.599326889,0.81372841,0.487689316,1.12368741
965,0.010586804,0.59967967,0.813947028,0.488107485,1.123619777
966,0.010582023,0.600028844,0.814163485,0.488521575,1.123548247
967,0.010577263,0.600374277,0.814377709,0.488931428,1.123472708
968,0.010572526,0.60071585,0.814589635,0.489336905,1.123393067
969,0.010567814,0.601053459,0.814799207,0.489737881,1.123309252
970,0.010563127,0.601387016,0.815006377,0.490134253,1.123221213
971,0.010558469,0.601716453,0.815211108,0.490525937,1.123128925
972,0.010553842,0.60204172,0.815413374,0.49091287,1.123032388
973,0.010549246,0.602362786,0.815613156,0.491295013,1.122931624
974,0.010544685,0.602679641,0.81581045,0.491672349,1.122826683
975,0.01054016,0.602992294,0.81600526,0.492044884,1.122717639
976,0.010535674,0.603300774,0.816197602,0.492412645,1.122604587
977,0.010531227,0.603605129,0.816387501,0.492775683,1.122487647
978,0.010526823,0.603905425,0.816574994,0.493134069,1.122366961
979,0.010522462,0.604201744,0.816760125,0.493487892,1.122242687
980,0.010518147,0.604494186,0.816942947,0.493837261,1.122115003
981,0.010513877,0.604782861,0.817123521,0.494182301,1.121984102
982,0.010509655,0.605067895,0.817301916,0.49452315,1.121850188
983,0.010505481,0.605349422,0.817478203,0.494859958,1.121713475
984,0.010501356,0.605627585,0.817652461,0.495192886,1.121574185
985,0.01049728,0.605902533,0.817824771,0.4955221,1.121432544
986,0.010493154,0.606174416,0.817995214,0.495847771,1.121288781
987,0.010488977,0.606443385,0.818163873,0.496170068,1.121143123
988,0.01048485,0.606709593,0.818330831,0.496489166,1.120995792
989,0.010480772,0.606973193,0.818496172,0.496805235,1.120847002
990,0.010476711,0.607234327,0.818659974,0.497118438,1.12069696
991,0.010472523,0.60749313,0.818822311,0.497428929,1.12054586
992,0.010468383,0.607749733,0.818983255,0.497736854,1.120393883
993,0.010464292,0.608004253,0.81914287,0.498042349,1.120241191
994,0.01046025,0.608256798,0.819301217,0.498345535,1.120087928
995,0.010456256,0.608507461,0.819458347,0.498646518,1.119934222
996,0.010452312,0.60875632,0.819614304,0.498945388,1.119780177
997,0.010448416,0.609003439,0.819769124,0.499242215,1.119625876
998,0.010444568,0.609248862,0.819922834,0.499537053,1.119471382
999,0.010440767,0.609492621,0.820075451,0.499829936,1.119316735
1000,0.010437013,0.609734727,0.820226984,0.500120876,1.119161952
1001,0.010433305,0.609975176,0.820377434,0.500409869,1.11900703
1002,0.01042964,0.610213948,0.82052679,0.500696891,1.118851943
1003,0.010426018,0.610451005,0.820675033,0.500981899,1.118696648
1004,0.010422437,0.610686294,0.820822139,0.50126483,1.11854108
1005,0.010418896,0.610919751,0.820968072,0.50154561,1.11838516
1006,0.010415392,0.611151293,0.821112791,0.501824144,1.118228791
1007,0.010411925,0.61138083,0.821256248,0.502100327,1.118071864
1008,0.010408493,0.61160826,0.82139839,0.50237404,1.117914258
1009,0.010405093,0.611833471,0.821539158,0.502645155,1.117755843
1010,0.010401725,0.612056346,0.821678491,0.502913534,1.117596482
1011,0.010398387,0.612276761,0.821816322,0.503179036,1.117436033
1012,0.010395077,0.612494591,0.821952585,0.503441512,1.117274353
1013,0.010391795,0.612709707,0.822087212,0.503700815,1.117111297
1014,0.010388538,0.612921983,0.822220136,0.503956796,1.116946727
1015,0.010385306,0.613131294,0.82235129,0.50420931,1.116780504
1016,0.010382029,0.613337517,0.822480609,0.504458214,1.116612504
1017,0.010378728,0.613540538,0.82260803,0.504703373,1.116442606
1018,0.010375454,0.613740249,0.822733498,0.504944662,1.116270704
1019,0.010372203,0.613936553,0.82285696,0.505181965,1.116096702
1020,0.010368872,0.614129361,0.822978367,0.505415179,1.115920522
1021,0.010365567,0.614318598,0.82309768,0.505644213,1.115742099
1022,0.010362287,0.614504201,0.823214865,0.505868993,1.115561387
1023,0.01035903,0.614686123,0.823329896,0.506089462,1.115378356
1024,0.010355797,0.614864329,0.823442754,0.506305577,1.115192994
1025,0.010352586,0.6150388,0.823553429,0.506517313,1.115005309
1026,0.010349397,0.615209531,0.823661918,0.506724663,1.114815329
1027,0.01034623,0.615376534,0.823768227,0.506927637,1.114623097
1028,0.010343084,0.615539835,0.82387237,0.507126262,1.114428677
1029,0.01033996,0.615699474,0.823974367,0.507320585,1.11423215
1030,0.010336858,0.615855507,0.824074249,0.507510664,1.114033613
1031,0.010333779,0.616008001,0.824172051,0.507696578,1.113833178
1032,0.010330723,0.616157037,0.824267817,0.507878416,1.113630972
1033,0.010327691,0.616302708,0.824361596,0.508056284,1.113427135
1034,0.010324683,0.616445116,0.824453443,0.508230299,1.113221815
1035,0.010321701,0.616584372,0.824543418,0.508400586,1.113015172
1036,0.010318746,0.616720596,0.824631585,0.508567282,1.112807372
1037,0.010315819,0.616853911,0.82471801,0.50873053,1.112598586
1038,0.010312921,0.616984447,0.824802764,0.508890477,1.112388988
1039,0.010310053,0.617112336,0.824885917,0.509047275,1.112178755
1040,0.010307217,0.617237712,0.824967541,0.509201077,1.11196806
1041,0.010304412,0.617360706,0.825047709,0.509352036,1.111757075
1042,0.010301642,0.61748145,0.82512649,0.509500302,1.111545966
1043,0.010298906,0.617600072,0.825203955,0.509646022,1.111334894
1044,0.010296206,0.617716691,0.825280169,0.509789336,1.111124009
1045,0.010293543,0.617831425,0.825355196,0.509930377,1.110913453
1046,0.010290917,0.617944382,0.825429093,0.510069271,1.110703354
1047,0.010288329,0.618055659,0.825501916,0.51020613,1.110493831
1048,0.01028578,0.618165345,0.825573713,0.510341059,1.110284984
1049,0.010283269,0.618273518,0.825644528,0.510474147,1.110076901
1050,0.010280798,0.618380244,0.825714396,0.51060547,1.109869653
1051,0.010278366,0.618485577,0.825783349,0.510735091,1.109663296
1052,0.010275973,0.618589558,0.825851409,0.510863058,1.109457868
1053,0.010273619,0.618692213,0.825918594,0.510989403,1.109253389
1054,0.010271304,0.618793558,0.825984911,0.511114142,1.109049866
1055,0.010269027,0.618893594,0.826050365,0.511237279,1.108847285
1056,0.010266787,0.61899231,0.82611495,0.511358801,1.10864562
1057,0.010264585,0.61908968,0.826178654,0.511478679,1.108444827
1058,0.010262418,0.61918567,0.82624146,0.511596872,1.108244849
1059,0.010260286,0.619280231,0.826303345,0.511713327,1.108045615
1060,0.010258188,0.619373306,0.826364278,0.511827975,1.107847042
1061,0.010256122,0.619464827,0.826424225,0.51194074,1.107649036
1062,0.010254089,0.619554719,0.826483146,0.512051533,1.107451495
1063,0.010252085,0.619642896,0.826540998,0.512160258,1.107254307
1064,0.010250111,0.619729271,0.826597734,0.512266811,1.107057354
1065,0.010248165,0.619813747,0.826653305,0.512371083,1.106860516
1066,0.010246245,0.619896228,0.826707659,0.51247296,1.106663667
1067,0.010244351,0.619976613,0.826760743,0.512572325,1.106466683
1068,0.010242481,0.620054801,0.826812504,0.512669063,1.106269437
1069,0.010240634,0.620130691,0.826862889,0.512763055,1.106071807
1070,0.01023881,0.620204184,0.826911846,0.512854187,1.105873674
1071,0.010237007,0.620275186,0.826959325,0.512942349,1.105674927
1072,0.010235224,0.620343606,0.827005276,0.513027435,1.105475457
1073,0.010233461,0.620409359,0.827049655,0.513109346,1.105275168
1074,0.010231717,0.620472365,0.82709242,0.51318799,1.105073972
1075,0.010229991,0.620532555,0.827133534,0.513263285,1.104871793
1076,0.010228284,0.620589867,0.827172964,0.51333516,1.104668564
1077,0.010226594,0.620644249,0.827210681,0.513403552,1.104464234
1078,0.010224923,0.620695659,0.827246664,0.513468413,1.104258763
1079,0.010223269,0.620744066,0.827280895,0.513529706,1.104052127
1080,0.010221632,0.620789449,0.827313363,0.513587407,1.103844314
1081,0.010220014,0.6208318,0.827344064,0.513641505,1.103635328
1082,0.010218414,0.620871121,0.827373,0.513692002,1.103425186
1083,0.010216833,0.620907429,0.827400177,0.513738916,1.10321392
1084,0.010215271,0.620940747,0.827425608,0.513782275,1.103001575
1085,0.010213728,0.620971112,0.827449315,0.513822122,1.10278821
1086,0.010212206,0.620998574,0.827471321,0.51385851,1.102573896
1087,0.010210705,0.621023188,0.827491658,0.513891508,1.102358715
1088,0.010209225,0.621045023,0.827510361,0.513921191,1.102142762
1089,0.010207768,0.621064154,0.827527471,0.513947649,1.101926139
1090,0.010206334,0.621080664,0.827543032,0.513970976,1.101708958
1091,0.010204924,0.621094645,0.827557094,0.513991279,1.101491337
1092,0.010203538,0.621106193,0.827569707,0.51400867,1.101273402
1093,0.010202178,0.621115409,0.827580926,0.514023265,1.10105528
1094,0.010200843,0.621122398,0.827590808,0.514035188,1.100837105
1095,0.010199535,0.621127269,0.827599411,0.514044562,1.10061901
1096,0.010198253,0.621130131,0.827606793,0.514051515,1.100401129
1097,0.010196999,0.621131092,0.827613014,0.514056175,1.100183595
1098,0.010195772,0.621130263,0.827618133,0.514058668,1.099966537
1099,0.010194574,0.621127749,0.827622207,0.514059118,1.099750082
1100,0.010193403,0.621123655,0.827625293,0.514057647,1.099534351
1101,0.010192261,0.62111808,0.827627445,0.51405437,1.099319457
1102,0.010191147,0.62111112,0.827628715,0.514049398,1.099105506
1103,0.010190061,0.621102862,0.827629152,0.514042835,1.098892598
1104,0.010189002,0.62109339,0.8276288,0.514034777,1.09868082
1105,0.010187971,0.621082778,0.827627701,0.514025311,1.09847025
1106,0.010186967,0.621071093,0.827625891,0.514014516,1.098260954
1107,0.01018599,0.621058392,0.827623403,0.51400246,1.098052989
1108,0.010185038,0.621044724,0.827620265,0.513989199,1.097846398
1109,0.010184112,0.621030129,0.827616499,0.513974781,1.097641211
1110,0.01018321,0.621014638,0.827612122,0.513959242,1.097437447
1111,0.010182332,0.620998269,0.827607147,0.513942605,1.097235113
1112,0.010181477,0.620981033,0.82760158,0.513924884,1.097034203
1113,0.010180644,0.620962931,0.827595424,0.513906081,1.096834699
1114,0.010179832,0.620943956,0.827588676,0.513886186,1.096636572
1115,0.01017904,0.620924088,0.827581327,0.51386518,1.096439782
1116,0.010178268,0.620903302,0.827573365,0.513843035,1.096244279
1117,0.010177513,0.620881564,0.827564773,0.51381971,1.096050004
1118,0.010176777,0.620858832,0.82755553,0.513795159,1.095856887
1119,0.010176057,0.620835057,0.827545611,0.513769326,1.095664853
1120,0.010175352,0.620810184,0.827534988,0.513742149,1.095473819
1121,0.010174663,0.620784154,0.827523631,0.513713558,1.095283697
1122,0.010173988,0.620756903,0.827511506,0.51368348,1.095094394
1123,0.010173327,0.620728361,0.827498578,0.513651836,1.094905814
1124,0.010172679,0.62069846,0.82748481,0.513618547,1.094717859
1125,0.010172043,0.620667126,0.827470164,0.513583528,1.09453043
1126,0.01017142,0.620634287,0.827454602,0.513546697,1.094343429
1127,0.010170808,0.620599869,0.827438086,0.513507968,1.094156758
1128,0.010170208,0.620563802,0.827420578,0.51346726,1.093970323
1129,0.010169619,0.620526016,0.827402041,0.513424493,1.093784032
1130,0.010169041,0.620486444,0.827382442,0.513379589,1.093597799
1131,0.010168475,0.620445023,0.827361745,0.513332477,1.093411544
1132,0.010167921,0.620401695,0.827339921,0.513283089,1.093225193
1133,0.010167377,0.620356406,0.827316941,0.513231364,1.093038678
1134,0.010166846,0.62030911,0.82729278,0.513177247,1.092851943
1135,0.010166327,0.620259764,0.827267416,0.513120692,1.092664935
1136,0.01016582,0.620208336,0.827240831,0.513061659,1.092477616
1137,0.010165326,0.620154798,0.827213012,0.513000118,1.092289954
1138,0.010164846,0.620099131,0.827183947,0.512936047,1.092101929
1139,0.010164379,0.620041324,0.827153631,0.512869433,1.091913528
1140,0.010163927,0.619981374,0.827122063,0.512800274,1.091724752
1141,0.01016349,0.619919287,0.827089245,0.512728575,1.091535609
1142,0.010163068,0.619855073,0.827055183,0.512654351,1.091346119
1143,0.010162663,0.619788756,0.82701989,0.512577629,1.091156311
1144,0.010162274,0.619720363,0.82698338,0.512498441,1.090966224
1145,0.010161903,0.61964993,0.826945673,0.512416829,1.090775903
1146,0.010161549,0.619577501,0.826906792,0.512332844,1.090585405
1147,0.010161214,0.619503126,0.826866764,0.512246545,1.090394793
1148,0.010160897,0.619426859,0.826825618,0.512157996,1.090204137
1149,0.010160599,0.619348763,0.826783389,0.512067269,1.090013512
1150,0.01016032,0.619268905,0.826740111,0.511974443,1.089823001
1151,0.010160061,0.619187354,0.826695823,0.511879599,1.08963269
1152,0.010159822,0.619104186,0.826650566,0.511782825,1.089442667
1153,0.010159602,0.619019477,0.82660438,0.511684211,1.089253025
1154,0.010159403,0.618933307,0.826557309,0.511583849,1.089063857
1155,0.010159223,0.618845757,0.826509397,0.511481834,1.088875259
1156,0.010159063,0.618756908,0.826460688,0.51137826,1.088687323
1157,0.010158923,0.618666842,0.826411227,0.511273224,1.088500144
1158,0.010158802,0.618575639,0.826361057,0.511166819,1.088313811
1159,0.0101587,0.618483378,0.826310221,0.511059137,1.088128412
1160,0.010158616,0.618390136,0.826258761,0.510950267,1.087944032
1161,0.010158551,0.618295986,0.826206718,0.510840297,1.087760748
1162,0.010158503,0.618200998,0.826154131,0.510729308,1.087578637
1163,0.010158472,0.618105239,0.826101035,0.510617378,1.087397764
1164,0.010158457,0.618008771,0.826047465,0.510504578,1.087218192
1165,0.010158458,0.617911648,0.825993452,0.510390975,1.087039974
1166,0.010158475,0.617813923,0.825939025,0.510276629,1.086863158
1167,0.010158505,0.61771564,0.825884209,0.510161593,1.086687782
1168,0.010158549,0.617616838,0.825829026,0.510045912,1.086513877
1169,0.010158606,0.617517549,0.825773495,0.509929625,1.086341464
1170,0.010158675,0.6174178,0.825717631,0.509812763,1.086170559
1171,0.010158755,0.617317611,0.825661446,0.509695351,1.086001167
1172,0.010158846,0.617216994,0.825604948,0.509577404,1.085833285
1173,0.010158947,0.617115956,0.825548142,0.50945893,1.085666903
1174,0.010159057,0.617014497,0.82549103,0.509339932,1.085502002
1175,0.010159175,0.616912611,0.825433609,0.509220403,1.085338556
1176,0.010159302,0.616810288,0.825375876,0.509100331,1.085176533
1177,0.010159436,0.616707509,0.825317821,0.508979698,1.085015893
1178,0.010159577,0.616604253,0.825259435,0.508858477,1.08485659
1179,0.010159725,0.616500492,0.825200703,0.508736639,1.084698573
1180,0.010159879,0.616396195,0.82514161,0.508614149,1.084541787
1181,0.010160039,0.616291327,0.825082139,0.508490967,1.084386172
1182,0.010160205,0.616185851,0.82502227,0.508367049,1.084231665
1183,0.010160376,0.616079724,0.824961981,0.50824235,1.084078199
1184,0.010160553,0.615972904,0.824901252,0.50811682,1.083925708
1185,0.010160736,0.615865347,0.824840058,0.507990408,1.083774122
1186,0.010160923,0.615757006,0.824778376,0.507863064,1.083623372
1187,0.010161117,0.615647837,0.824716183,0.507734734,1.083473389
1188,0.010161316,0.615537794,0.824653455,0.507605368,1.083324107
1189,0.010161522,0.615426832,0.824590168,0.507474915,1.083175459
1190,0.010161734,0.615314908,0.8245263,0.507343325,1.083027382
1191,0.010161952,0.615201982,0.824461829,0.507210551,1.082879816
1192,0.010162178,0.615088013,0.824396736,0.507076551,1.082732705
1193,0.010162411,0.614972968,0.824331001,0.506941282,1.082585999
1194,0.010162652,0.614856813,0.824264608,0.50680471,1.082439649
1195,0.010162902,0.614739521,0.824197541,0.506666801,1.082293615
1196,0.01016316,0.614621066,0.824129789,0.506527529,1.082147861
1197,0.010163428,0.614501429,0.82406134,0.506386871,1.082002357
1198,0.010163706,0.614380596,0.823992187,0.506244811,1.081857081
1199,0.010163994,0.614258555,0.823922324,0.506101337,1.081712016
1200,0.010164293,0.614135303,0.82385175,0.505956444,1.081567152
1201,0.010164603,0.614010838,0.823780465,0.505810134,1.081422485
1202,0.010164926,0.613885167,0.823708471,0.505662412,1.081278019
1203,0.01016526,0.613758299,0.823635775,0.505513292,1.081133763
1204,0.010165606,0.613630251,0.823562385,0.505362793,1.080989734
1205,0.010165966,0.613501044,0.823488312,0.505210939,1.080845954
1206,0.010166339,0.613370702,0.823413571,0.50505776,1.080702452
1207,0.010166725,0.613239256,0.823338178,0.504903292,1.080559261
1208,0.010167124,0.613106741,0.823262152,0.504747575,1.080416421
1209,0.010167537,0.612973194,0.823185514,0.504590654,1.080273975
1210,0.010167964,0.612838658,0.823108287,0.504432578,1.080131971
1211,0.010168405,0.612703179,0.823030496,0.504273402,1.07999046
1212,0.010168859,0.612566806,0.822952167,0.504113181,1.079849499
1213,0.010169327,0.612429589,0.822873329,0.503951974,1.079709144
1214,0.010169808,0.612291581,0.822794011,0.503789845,1.079569455
1215,0.010170302,0.612152837,0.822714242,0.503626857,1.079430492
1216,0.010170808,0.612013414,0.822634053,0.503463075,1.079292318
1217,0.010171328,0.611873367,0.822553476,0.503298565,1.079154994
1218,0.010171859,0.611732755,0.822472542,0.503133393,1.079018581
1219,0.010172402,0.611591632,0.822391281,0.502967626,1.078883141
1220,0.010172955,0.611450055,0.822309725,0.502801327,1.078748732
1221,0.01017352,0.611308079,0.822227905,0.502634561,1.078615411
1222,0.010174094,0.611165756,0.822145849,0.502467389,1.078483232
1223,0.010174678,0.611023139,0.822063585,0.502299872,1.078352247
1224,0.010175271,0.610880275,0.821981142,0.502132066,1.078222501
1225,0.010175872,0.61073721,0.821898545,0.501964025,1.07809404
1226,0.010176481,0.610593988,0.821815818,0.501795798,1.077966901
1227,0.010177097,0.610450649,0.821732984,0.501627433,1.077841121
1228,0.01017772,0.610307228,0.821650062,0.501458971,1.077716727
1229,0.010178348,0.610163757,0.821567072,0.501290451,1.077593745
1230,0.010178981,0.610020265,0.82148403,0.501121906,1.077472193
1231,0.01017962,0.609876777,0.82140095,0.500953364,1.077352086
1232,0.010180262,0.609733313,0.821317844,0.50078485,1.077233432
1233,0.010180909,0.609589889,0.821234722,0.500616383,1.077116234
1234,0.010181558,0.609446516,0.821151591,0.500447976,1.077000489
1235,0.010182211,0.609303203,0.821068457,0.500279641,1.07688619
1236,0.010182866,0.609159952,0.820985324,0.500111381,1.076773324
1237,0.010183523,0.609016765,0.82090219,0.499943197,1.076661873
1238,0.010184183,0.608873638,0.820819057,0.499775085,1.076551817
1239,0.010184844,0.608730561,0.82073592,0.499607037,1.076443127
1240,0.010185506,0.608587526,0.820652775,0.499439042,1.076335774
1241,0.010186171,0.608444518,0.820569616,0.499271084,1.076229723
1242,0.010186836,0.60830152,0.820486434,0.499103145,1.076124938
1243,0.010187503,0.608158513,0.82040322,0.498935202,1.076021379
1244,0.010188171,0.608015476,0.820319963,0.498767233,1.075919004
1245,0.010188841,0.607872386,0.820236652,0.498599211,1.075817768
1246,0.010189513,0.607729219,0.820153274,0.498431108,1.075717627
1247,0.010190187,0.607585948,0.820069816,0.498262896,1.075618533
1248,0.010190862,0.607442547,0.819986265,0.498094545,1.075520441
1249,0.01019154,0.607298991,0.819902606,0.497926025,1.075423304
1250,0.010192221,0.607155251,0.819818827,0.497757306,1.075327077
1251,0.010192905,0.607011303,0.819734914,0.497588358,1.075231713
1252,0.010193592,0.60686712,0.819650853,0.497419153,1.075137171
1253,0.010194282,0.606722679,0.819566632,0.497249662,1.075043409
1254,0.010194977,0.606577956,0.819482239,0.497079861,1.074950387
1255,0.010195677,0.60643293,0.819397663,0.496909726,1.074858069
1256,0.010196381,0.606287582,0.819312895,0.496739234,1.074766422
1257,0.01019709,0.606141896,0.819227925,0.496568368,1.074675417
1258,0.010197805,0.605995857,0.819142746,0.496397111,1.074585025
1259,0.010198526,0.605849454,0.819057352,0.49622545,1.074495226
1260,0.010199254,0.605702678,0.81897174,0.496053376,1.074406
1261,0.010199988,0.605555523,0.818885906,0.495880883,1.074317334
1262,0.010200729,0.605407987,0.818799849,0.495707968,1.074229216
1263,0.010201478,0.605260071,0.81871357,0.495534634,1.074141642
1264,0.010202234,0.60511178,0.818627073,0.495360885,1.074054609
1265,0.010202998,0.60496312,0.81854036,0.49518673,1.073968122
1266,0.01020377,0.604814102,0.818453439,0.495012182,1.073882185
1267,0.01020455,0.604664742,0.818366316,0.494837257,1.073796812
1268,0.010205338,0.604515055,0.818279003,0.494661976,1.073712018
1269,0.010206135,0.604365061,0.81819151,0.494486362,1.07362782
1270,0.01020694,0.604214785,0.81810385,0.494310442,1.073544242
1271,0.010207753,0.604064252,0.818016038,0.494134246,1.073461309
1272,0.010208574,0.603913491,0.817928088,0.493957807,1.073379051
1273,0.010209404,0.603762532,0.817840019,0.49378116,1.073297498
1274,0.010210241,0.603611407,0.817751849,0.493604344,1.073216685
1275,0.010211086,0.603460152,0.817663596,0.493427398,1.073136647
1276,0.010211938,0.603308803,0.817575281,0.493250364,1.073057421
1277,0.010212798,0.603157397,0.817486924,0.493073286,1.072979047
1278,0.010213664,0.603005973,0.817398548,0.492896207,1.072901564
1279,0.010214537,0.602854569,0.817310173,0.492719172,1.072825012
1280,0.010215416,0.602703226,0.817221822,0.492542228,1.07274943
1281,0.010216301,0.602551982,0.817133517,0.49236542,1.072674859
1282,0.010217191,0.602400878,0.817045279,0.492188794,1.072601338
1283,0.010218086,0.602249951,0.816957131,0.492012393,1.072528904
1284,0.010218986,0.602099241,0.816869094,0.491836261,1.072457593
1285,0.010219889,0.601948783,0.816781189,0.491660443,1.072387441
1286,0.010220796,0.601798614,0.816693435,0.491484977,1.07231848
1287,0.010221706,0.601648767,0.816605852,0.491309904,1.07225074
1288,0.010222619,0.601499276,0.816518459,0.491135262,1.072184248
1289,0.010223534,0.601350169,0.816431272,0.490961083,1.07211903
1290,0.010224451,0.601201476,0.816344307,0.490787403,1.072055106
1291,0.010225369,0.601053222,0.81625758,0.490614248,1.071992496
1292,0.010226288,0.60090543,0.816171104,0.490441648,1.071931213
1293,0.010227208,0.600758121,0.816084891,0.490269625,1.071871269
1294,0.010228128,0.600611312,0.815998951,0.490098201,1.071812671
1295,0.010229048,0.60046502,0.815913294,0.489927392,1.071755425
1296,0.010229967,0.600319257,0.815827927,0.489757215,1.071699529
1297,0.010230886,0.600174032,0.815742856,0.489587679,1.071644982
1298,0.010231804,0.600029352,0.815658086,0.489418793,1.071591776
1299,0.010232722,0.599885222,0.815573621,0.489250563,1.071539901
1300,0.010233638,0.599741643,0.815489461,0.489082989,1.071489344
1301,0.010234553,0.599598615,0.815405608,0.488916073,1.071440088
1302,0.010235466,0.599456134,0.81532206,0.48874981,1.071392114
1303,0.010236378,0.599314194,0.815238814,0.488584193,1.0713454
1304,0.010237289,0.599172789,0.815155869,0.488419215,1.07129992
1305,0.010238199,0.599031908,0.815073218,0.488254865,1.071255649
1306,0.010239107,0.598891541,0.814990857,0.48809113,1.071212558
1307,0.010240015,0.598751675,0.814908779,0.487927996,1.071170615
1308,0.010240921,0.598612295,0.814826978,0.487765447,1.07112979
1309,0.010241826,0.598473387,0.814745445,0.487603466,1.071090049
1310,0.010242731,0.598334935,0.814664174,0.487442035,1.07105136
1311,0.010243636,0.598196922,0.814583154,0.487281135,1.071013688
1312,0.01024454,0.598059331,0.814502378,0.487120748,1.070977
1313,0.010245444,0.597922147,0.814421837,0.486960853,1.070941262
1314,0.010246349,0.597785351,0.814341523,0.486801433,1.070906441
1315,0.010247254,0.597648929,0.814261427,0.486642469,1.070872506
1316,0.01024816,0.597512863,0.81418154,0.486483943,1.070839426
1317,0.010249067,0.597377141,0.814101856,0.486325839,1.070807171
1318,0.010249975,0.597241747,0.814022367,0.486168141,1.070775714
1319,0.010250885,0.59710667,0.813943067,0.486010834,1.070745029
1320,0.010251797,0.596971898,0.81386395,0.485853907,1.070715094
1321,0.010252711,0.596837423,0.813785011,0.485697349,1.070685887
1322,0.010253628,0.596703237,0.813706247,0.485541151,1.070657389
1323,0.010254547,0.596569333,0.813627655,0.485385307,1.070629586
1324,0.010255468,0.596435709,0.813549232,0.485229813,1.070602463
1325,0.010256393,0.596302363,0.813470979,0.485074667,1.070576012
1326,0.010257321,0.596169295,0.813392896,0.484919869,1.070550225
1327,0.010258252,0.596036508,0.813314984,0.484765423,1.070525098
1328,0.010259186,0.595904007,0.813237247,0.484611334,1.07050063
1329,0.010260124,0.595771799,0.813159689,0.484457611,1.070476822
1330,0.010261065,0.595639894,0.813082315,0.484304264,1.07045368
1331,0.010262009,0.595508304,0.813005131,0.484151306,1.07043121
1332,0.010262957,0.59537704,0.812928146,0.483998753,1.070409422
1333,0.010263908,0.59524612,0.812851367,0.483846623,1.070388329
1334,0.010264863,0.595115561,0.812774806,0.483694934,1.070367946
1335,0.010265821,0.594985381,0.812698471,0.483543709,1.07034829
1336,0.010266781,0.594855601,0.812622376,0.483392972,1.070329379
1337,0.010267745,0.594726244,0.812546532,0.483242748,1.070311234
1338,0.010268711,0.594597334,0.812470953,0.483093063,1.070293877
1339,0.01026968,0.594468894,0.812395653,0.482943945,1.070277332
1340,0.010270651,0.59434095,0.812320644,0.482795423,1.070261621
1341,0.010271624,0.594213528,0.812245944,0.482647528,1.070246771
1342,0.010272599,0.594086656,0.812171565,0.482500289,1.070232805
1343,0.010273575,0.59396036,0.812097524,0.482353738,1.07021975
1344,0.010274553,0.593834667,0.812023836,0.482207904,1.070207631
1345,0.010275531,0.593709604,0.811950515,0.482062819,1.070196472
1346,0.010276509,0.593585197,0.811877578,0.481918512,1.070186297
1347,0.010277488,0.593461474,0.811805038,0.481775014,1.07017713
1348,0.010278467,0.593338459,0.81173291,0.481632354,1.070168992
1349,0.010279445,0.593216177,0.811661208,0.481490559,1.070161903
1350,0.010280423,0.593094652,0.811589945,0.481349656,1.070155882
1351,0.010281399,0.592973905,0.811519134,0.48120967,1.070150947
1352,0.010282374,0.592853958,0.811448787,0.481070625,1.070147112
1353,0.010283347,0.592734829,0.811378915,0.480932542,1.070144389
1354,0.010284319,0.592616537,0.811309528,0.480795443,1.07014279
1355,0.010285288,0.592499097,0.811240635,0.480659344,1.070142321
1356,0.010286255,0.592382524,0.811172245,0.480524262,1.070142989
1357,0.010287219,0.592266829,0.811104364,0.48039021,1.070144797
1358,0.01028818,0.592152023,0.811037,0.4802572,1.070147744
1359,0.010289138,0.592038114,0.810970156,0.480125242,1.070151829
1360,0.010290094,0.591925109,0.810903838,0.479994343,1.070157046
1361,0.010291045,0.591813011,0.810838047,0.479864506,1.070163388
1362,0.010291994,0.591701823,0.810772786,0.479735736,1.070170845
1363,0.010292938,0.591591546,0.810708054,0.479608031,1.070179404
1364,0.010293879,0.591482177,0.810643853,0.479481391,1.070189051
1365,0.010294817,0.591373714,0.81058018,0.479355812,1.070199769
1366,0.010295751,0.591266152,0.810517034,0.479231288,1.070211538
1367,0.010296681,0.591159484,0.810454411,0.479107811,1.070224339
1368,0.010297608,0.591053702,0.810392307,0.478985373,1.070238148
1369,0.010298531,0.590948798,0.810330718,0.478863964,1.070252942
1370,0.010299451,0.59084476,0.810269638,0.47874357,1.070268695
1371,0.010300368,0.590741578,0.810209062,0.47862418,1.070285382
1372,0.010301281,0.590639239,0.810148983,0.478505779,1.070302976
1373,0.010302191,0.590537731,0.810089394,0.478388353,1.070321448
1374,0.010303098,0.590437039,0.810030289,0.478271886,1.070340771
1375,0.010304002,0.590337152,0.80997166,0.478156363,1.070360918
1376,0.010304904,0.590238054,0.8099135,0.478041768,1.07038186
1377,0.010305803,0.590139732,0.809855801,0.477928085,1.07040357
1378,0.0103067,0.590042173,0.809798557,0.4778153,1.070426021
1379,0.010307595,0.589945363,0.80974176,0.477703397,1.070449188
1380,0.010308487,0.589849291,0.809685404,0.477592362,1.070473045
1381,0.010309378,0.589753944,0.809629483,0.477482181,1.07049757
1382,0.010310267,0.589659312,0.80957399,0.477372842,1.070522739
1383,0.010311155,0.589565384,0.80951892,0.477264333,1.070548532
1384,0.010312041,0.589472152,0.809464269,0.477156644,1.070574931
1385,0.010312927,0.589379608,0.809410033,0.477049768,1.070601918
1386,0.010313811,0.589287746,0.809356207,0.476943696,1.070629479
1387,0.010314694,0.589196562,0.809302791,0.476838422,1.0706576
1388,0.010315576,0.589106052,0.809249781,0.476733944,1.070686271
1389,0.010316457,0.589016215,0.809197178,0.476630259,1.070715483
1390,0.010317338,0.58892705,0.809144981,0.476527366,1.07074523
1391,0.010318218,0.588838558,0.80909319,0.476425267,1.070775507
1392,0.010319097,0.588750744,0.809041808,0.476323966,1.070806312
1393,0.010319976,0.588663611,0.808990837,0.476223467,1.070837646
1394,0.010320854,0.588577165,0.808940281,0.476123777,1.07086951
1395,0.010321732,0.588491415,0.808890144,0.476024905,1.070901908
1396,0.010322609,0.588406369,0.80884043,0.475926861,1.070934846
1397,0.010323484,0.588322038,0.808791146,0.475829656,1.070968332
1398,0.01032436,0.588238433,0.808742299,0.475733303,1.071002376
1399,0.010325234,0.588155568,0.808693894,0.475637817,1.071036986
1400,0.010326106,0.588073456,0.80864594,0.475543213,1.071072176